연번,업무일자,시간대,호선,역명,교통카드구분,사용자구분,사용일수구분,승차건수,하차건수
1,2025-01-09,13,1호선,서울역,고급형선불카드,일반,3일권,1,0
2,2025-01-09,13,1호선,종로5가,고급형선불카드,일반,3일권,0,1
3,2025-01-09,14,1호선,종로5가,고급형선불카드,일반,3일권,1,0
4,2025-01-09,14,4호선,명동,고급형선불카드,일반,3일권,0,1
5,2025-01-09,16,4호선,명동,고급형선불카드,일반,3일권,1,0
6,2025-01-09,17,1호선,종로5가,고급형선불카드,일반,3일권,0,1
7,2025-01-10,08,1호선,종로5가,고급형선불카드,일반,3일권,1,0
8,2025-01-10,08,4호선,명동,고급형선불카드,일반,3일권,0,1
9,2025-01-11,08,1호선,종로5가,고급형선불카드,일반,3일권,1,0
10,2025-01-11,09,4호선,이촌(국립중앙박물관),고급형선불카드,일반,3일권,0,1
11,2025-01-11,12,4호선,이촌(국립중앙박물관),고급형선불카드,일반,3일권,1,0
12,2025-01-11,13,4호선,회현(남대문시장),고급형선불카드,일반,3일권,0,0
13,2025-01-11,14,4호선,회현(남대문시장),고급형선불카드,일반,3일권,0,1
14,2025-01-11,16,1호선,서울역,고급형선불카드,일반,3일권,0,1
15,2025-01-11,16,1호선,시청,고급형선불카드,일반,3일권,1,1
16,2025-01-11,16,1호선,종로5가,고급형선불카드,일반,3일권,1,1
17,2025-01-16,10,1호선,서울역,고급형선불카드,일반,5일권,1,0
18,2025-01-16,10,1호선,동대문,고급형선불카드,일반,5일권,1,1
19,2025-01-16,11,3호선,남부터미널(예술의전당),고급형선불카드,일반,5일권,0,1
20,2025-01-16,17,3호선,남부터미널(예술의전당),고급형선불카드,일반,5일권,1,0
21,2025-01-16,18,5호선,광나루(장신대),고급형선불카드,일반,5일권,1,1
22,2025-01-16,19,1호선,동대문,고급형선불카드,일반,5일권,0,1
23,2025-01-17,10,1호선,동대문,고급형선불카드,일반,5일권,1,0
24,2025-01-17,10,2호선,성수,고급형선불카드,일반,5일권,0,1
25,2025-01-17,11,2호선,뚝섬,고급형선불카드,일반,5일권,0,1
26,2025-01-17,11,2호선,성수,고급형선불카드,일반,5일권,1,0
27,2025-01-17,13,7호선,건대입구,고급형선불카드,일반,5일권,0,1
28,2025-01-17,16,4호선,서울역,고급형선불카드,일반,3일권,2,0
29,2025-01-17,17,2호선,뚝섬,고급형선불카드,일반,5일권,1,1
30,2025-01-17,17,2호선,건대입구,고급형선불카드,일반,5일권,1,0
31,2025-01-17,17,2호선,홍대입구,고급형선불카드,일반,5일권,0,1
32,2025-01-17,17,4호선,충무로,고급형선불카드,일반,3일권,0,2
33,2025-01-17,19,1호선,종각,고급형선불카드,일반,5일권,0,0
34,2025-01-17,20,1호선,종각,고급형선불카드,일반,5일권,0,1
35,2025-01-17,21,1호선,종각,고급형선불카드,일반,5일권,1,0
36,2025-01-17,21,1호선,동대문,고급형선불카드,일반,5일권,0,1
37,2025-01-17,21,2호선,시청,고급형선불카드,일반,3일권,0,2
38,2025-01-17,21,2호선,을지로입구,고급형선불카드,일반,3일권,4,2
39,2025-01-18,09,1호선,동대문,고급형선불카드,일반,5일권,1,0
40,2025-01-18,10,1호선,동대문,고급형선불카드,일반,5일권,0,0
41,2025-01-18,10,2호선,강남,고급형선불카드,일반,5일권,0,0
42,2025-01-18,11,1호선,동대문,고급형선불카드,일반,5일권,0,1
43,2025-01-18,11,2호선,강남,고급형선불카드,일반,5일권,1,1
44,2025-01-18,12,1호선,동대문,고급형선불카드,일반,5일권,1,0
45,2025-01-18,13,3호선,남부터미널(예술의전당),고급형선불카드,일반,5일권,0,1
46,2025-01-18,16,3호선,대치,고급형선불카드,일반,3일권,2,0
47,2025-01-18,17,3호선,연신내,고급형선불카드,일반,3일권,0,2
48,2025-01-18,17,3호선,남부터미널(예술의전당),고급형선불카드,일반,5일권,1,0
49,2025-01-18,18,5호선,광나루(장신대),고급형선불카드,일반,5일권,0,1
50,2025-01-18,20,1호선,동대문,고급형선불카드,일반,5일권,0,1
51,2025-01-18,20,5호선,광나루(장신대),고급형선불카드,일반,5일권,1,0
52,2025-01-18,21,1호선,서울역,고급형선불카드,일반,3일권,2,0
53,2025-01-18,21,4호선,명동,고급형선불카드,일반,3일권,0,2
54,2025-01-19,09,2호선,동대문역사문화공원(DDP),고급형선불카드,일반,5일권,1,0
55,2025-01-19,09,4호선,명동,고급형선불카드,일반,3일권,2,0
56,2025-01-19,10,2호선,을지로입구,고급형선불카드,일반,5일권,0,1
57,2025-01-19,10,3호선,경복궁(정부서울청사),고급형선불카드,일반,3일권,0,2
58,2025-01-19,11,2호선,을지로입구,고급형선불카드,일반,5일권,2,1
59,2025-01-19,11,2호선,뚝섬,고급형선불카드,일반,5일권,0,1
60,2025-01-19,13,3호선,남부터미널(예술의전당),고급형선불카드,일반,5일권,0,1
61,2025-01-19,18,3호선,남부터미널(예술의전당),고급형선불카드,일반,5일권,1,0
62,2025-01-19,19,2호선,동대문역사문화공원(DDP),고급형선불카드,일반,5일권,0,1
63,2025-01-19,19,3호선,남부터미널(예술의전당),고급형선불카드,일반,5일권,0,0
64,2025-01-20,10,1호선,서울역,고급형선불카드,일반,5일권,1,1
65,2025-01-20,10,1호선,동대문,고급형선불카드,일반,5일권,1,0
66,2025-01-21,12,4호선,서울역,고급형선불카드,일반,2일권,3,1
67,2025-01-21,13,4호선,명동,고급형선불카드,일반,2일권,0,2
68,2025-01-21,15,4호선,회현(남대문시장),고급형선불카드,일반,7일권,0,8
69,2025-01-21,15,4호선,서울역,고급형선불카드,일반,7일권,8,0
70,2025-01-21,19,3호선,을지로3가,고급형선불카드,일반,2일권,0,2
71,2025-01-21,19,4호선,명동,고급형선불카드,일반,2일권,2,0
72,2025-01-21,20,2호선,을지로입구,고급형선불카드,일반,2일권,0,2
73,2025-01-21,20,2호선,을지로3가,고급형선불카드,일반,2일권,2,0
74,2025-01-21,20,3호선,을지로3가,고급형선불카드,일반,2일권,1,1
75,2025-01-21,21,2호선,을지로입구,고급형선불카드,일반,2일권,2,0
76,2025-01-21,21,4호선,명동,고급형선불카드,일반,7일권,7,0
77,2025-01-21,22,1호선,동대문,고급형선불카드,일반,2일권,2,2
78,2025-01-21,22,4호선,명동,고급형선불카드,일반,2일권,0,2
79,2025-01-21,22,4호선,서울역,고급형선불카드,일반,7일권,0,8
80,2025-01-21,23,3호선,을지로3가,고급형선불카드,일반,2일권,0,2
81,2025-01-21,23,4호선,명동,고급형선불카드,일반,2일권,2,0
82,2025-01-22,11,3호선,경복궁(정부서울청사),고급형선불카드,일반,2일권,0,2
83,2025-01-22,11,3호선,을지로3가,고급형선불카드,일반,2일권,2,0
84,2025-01-22,13,4호선,서울역,고급형선불카드,일반,1일권,2,0
85,2025-01-22,13,4호선,서울역,고급형선불카드,일반,,0,0
86,2025-01-22,14,4호선,서울역,고급형선불카드,일반,,0,0
87,2025-01-22,16,3호선,안국,고급형선불카드,일반,2일권,2,0
88,2025-01-22,16,4호선,명동,고급형선불카드,일반,2일권,0,2
89,2025-01-22,17,4호선,서울역,고급형선불카드,일반,1일권,0,0
90,2025-01-22,18,3호선,을지로3가,고급형선불카드,일반,2일권,0,2
91,2025-01-22,18,4호선,명동,고급형선불카드,일반,2일권,2,0
92,2025-01-22,18,4호선,서울역,고급형선불카드,일반,1일권,0,1
93,2025-01-22,19,6호선,상수,고급형선불카드,일반,1일권,1,0
94,2025-01-22,20,2호선,을지로3가,고급형선불카드,일반,2일권,2,0
95,2025-01-22,20,6호선,이태원,고급형선불카드,일반,1일권,1,1
96,2025-01-23,21,2호선,잠실(송파구청),고급형선불카드,일반,7일권,8,0
97,2025-01-23,22,4호선,서울역,고급형선불카드,일반,7일권,8,8
98,2025-01-24,17,1호선,시청,고급형선불카드,일반,7일권,0,0
99,2025-01-24,19,1호선,시청,고급형선불카드,일반,7일권,0,8
100,2025-01-24,19,2호선,시청,고급형선불카드,일반,7일권,8,0
101,2025-01-24,20,2호선,홍대입구,고급형선불카드,일반,7일권,0,8
102,2025-01-25,05,1호선,서울역,고급형선불카드,일반,7일권,5,0
103,2025-01-25,06,4호선,명동,고급형선불카드,일반,7일권,0,5
104,2025-01-25,13,4호선,명동,고급형선불카드,일반,7일권,5,0
105,2025-01-25,19,4호선,서울역,고급형선불카드,일반,7일권,6,6
106,2025-01-25,19,6호선,이태원,고급형선불카드,일반,7일권,0,6
107,2025-01-25,23,4호선,삼각지(전쟁기념관),고급형선불카드,일반,7일권,0,6
108,2025-01-25,23,6호선,이태원,고급형선불카드,일반,7일권,6,0
109,2025-01-26,07,4호선,회현(남대문시장),고급형선불카드,일반,7일권,0,8
110,2025-01-26,07,4호선,서울역,고급형선불카드,일반,7일권,8,8
111,2025-01-26,18,4호선,명동,고급형선불카드,일반,7일권,4,0
112,2025-01-26,19,4호선,명동,고급형선불카드,일반,7일권,4,0
113,2025-01-26,19,4호선,서울역,고급형선불카드,일반,7일권,7,7
114,2025-01-27,10,4호선,서울역,고급형선불카드,일반,7일권,8,7
115,2025-01-27,11,3호선,경복궁(정부서울청사),고급형선불카드,일반,7일권,0,8
116,2025-01-27,16,3호선,경복궁(정부서울청사),고급형선불카드,일반,7일권,8,0
117,2025-01-27,17,4호선,명동,고급형선불카드,일반,7일권,0,8
118,2025-01-27,22,4호선,명동,고급형선불카드,일반,7일권,8,0
119,2025-01-27,22,4호선,서울역,고급형선불카드,일반,7일권,8,8
120,2025-01-31,12,1호선,서울역,고급형선불카드,일반,1일권,1,0
121,2025-01-31,12,1호선,종로3가,고급형선불카드,일반,1일권,0,1
122,2025-01-31,13,1호선,종로3가,고급형선불카드,일반,1일권,1,0
123,2025-01-31,13,1호선,동묘앞,고급형선불카드,일반,1일권,0,1
124,2025-01-31,13,6호선,동묘앞,고급형선불카드,일반,1일권,1,0
125,2025-01-31,14,4호선,회현(남대문시장),고급형선불카드,일반,1일권,1,1
126,2025-01-31,14,4호선,서울역,고급형선불카드,일반,1일권,1,1
127,2025-01-31,15,1호선,종로5가,고급형선불카드,일반,1일권,0,0
128,2025-01-31,16,4호선,서울역,고급형선불카드,일반,3일권,1,0
129,2025-01-31,17,1호선,종로3가,고급형선불카드,일반,1일권,0,1
130,2025-01-31,17,1호선,종로5가,고급형선불카드,일반,1일권,1,1
131,2025-01-31,17,4호선,서울역,고급형선불카드,일반,3일권,0,0
132,2025-01-31,18,3호선,종로3가,고급형선불카드,일반,1일권,1,0
133,2025-01-31,19,1호선,신설동,고급형선불카드,일반,1일권,1,1
134,2025-01-31,19,6호선,석계,고급형선불카드,일반,1일권,1,0
135,2025-01-31,20,4호선,회현(남대문시장),고급형선불카드,일반,1일권,0,1
136,2025-02-01,14,2호선,홍대입구,고급형선불카드,일반,3일권,1,0
137,2025-02-01,14,3호선,경복궁(정부서울청사),고급형선불카드,일반,3일권,0,1
138,2025-02-01,16,2호선,을지로3가,고급형선불카드,일반,3일권,1,1
139,2025-02-01,16,3호선,안국,고급형선불카드,일반,3일권,1,0
140,2025-02-01,17,2호선,당산,고급형선불카드,일반,3일권,0,1
141,2025-02-01,20,2호선,당산,고급형선불카드,일반,3일권,1,0
142,2025-02-03,17,4호선,서울역,고급형선불카드,일반,2일권,1,0
143,2025-02-03,17,6호선,망원,고급형선불카드,일반,2일권,0,1
144,2025-02-03,18,6호선,망원,고급형선불카드,일반,2일권,1,0
145,2025-02-03,19,2호선,동대문역사문화공원(DDP),고급형선불카드,일반,2일권,0,1
146,2025-02-03,19,4호선,동대문,고급형선불카드,일반,2일권,1,0
147,2025-02-03,19,4호선,명동,고급형선불카드,일반,2일권,0,1
148,2025-02-04,11,4호선,명동,고급형선불카드,일반,2일권,1,0
149,2025-02-04,13,7호선,이수,고급형선불카드,일반,2일권,0,1
150,2025-02-04,14,2호선,강남,고급형선불카드,일반,2일권,0,1
151,2025-02-04,14,2호선,사당,고급형선불카드,일반,2일권,1,0
152,2025-02-04,15,2호선,잠실(송파구청),고급형선불카드,일반,2일권,0,1
153,2025-02-04,15,2호선,강남,고급형선불카드,일반,2일권,2,1
154,2025-02-04,17,2호선,잠실(송파구청),고급형선불카드,일반,2일권,1,0
155,2025-02-04,18,4호선,명동,고급형선불카드,일반,2일권,0,1
156,2025-02-05,10,3호선,안국,고급형선불카드,일반,1일권,0,2
157,2025-02-05,10,4호선,서울역,고급형선불카드,일반,1일권,2,0
158,2025-02-05,13,1호선,서울역,고급형선불카드,일반,1일권,0,2
159,2025-02-05,13,3호선,종로3가,고급형선불카드,일반,1일권,2,0
160,2025-02-05,14,4호선,서울역,고급형선불카드,일반,1일권,2,0
161,2025-02-05,15,4호선,삼각지(전쟁기념관),고급형선불카드,일반,1일권,0,2
162,2025-02-05,16,4호선,명동,고급형선불카드,일반,1일권,0,2
163,2025-02-05,16,6호선,삼각지(전쟁기념관),고급형선불카드,일반,1일권,2,0
164,2025-02-05,20,4호선,명동,고급형선불카드,일반,1일권,2,0
165,2025-02-05,20,4호선,서울역,고급형선불카드,일반,1일권,0,2
166,2025-02-25,14,1호선,서울역,고급형선불카드,일반,7일권,2,0
167,2025-02-25,14,1호선,시청,고급형선불카드,일반,7일권,0,2
168,2025-02-25,18,4호선,명동,고급형선불카드,일반,7일권,2,0
169,2025-02-25,19,4호선,명동,고급형선불카드,일반,7일권,0,0
170,2025-02-26,10,3호선,경복궁(정부서울청사),고급형선불카드,일반,7일권,0,0
171,2025-02-26,11,3호선,경복궁(정부서울청사),고급형선불카드,일반,7일권,0,2
172,2025-02-26,17,4호선,서울역,고급형선불카드,일반,5일권,2,0
173,2025-02-26,17,5호선,종로3가,고급형선불카드,일반,7일권,2,0
174,2025-02-26,18,2호선,삼성(무역센터),고급형선불카드,일반,5일권,0,2
175,2025-02-26,18,5호선,종로3가,고급형선불카드,일반,7일권,0,0
176,2025-02-27,14,2호선,시청,고급형선불카드,일반,5일권,0,2
177,2025-02-27,14,2호선,뚝섬,고급형선불카드,일반,5일권,2,0
178,2025-02-27,16,2호선,을지로입구,고급형선불카드,일반,5일권,2,0
179,2025-02-27,17,2호선,삼성(무역센터),고급형선불카드,일반,5일권,0,2
180,2025-02-27,17,4호선,명동,고급형선불카드,일반,7일권,0,0
181,2025-02-27,18,2호선,삼성(무역센터),고급형선불카드,일반,5일권,2,0
182,2025-02-27,18,4호선,명동,고급형선불카드,일반,7일권,0,2
183,2025-02-27,19,2호선,합정,고급형선불카드,일반,5일권,0,2
184,2025-02-27,20,4호선,명동,고급형선불카드,일반,5일권,0,2
185,2025-02-27,20,6호선,망원,고급형선불카드,일반,5일권,2,0
186,2025-02-27,21,1호선,시청,고급형선불카드,일반,7일권,2,0
187,2025-02-27,21,2호선,시청,고급형선불카드,일반,5일권,2,0
188,2025-02-27,22,1호선,시청,고급형선불카드,일반,7일권,0,0
189,2025-02-27,22,2호선,삼성(무역센터),고급형선불카드,일반,5일권,0,2
190,2025-02-28,15,1호선,종로3가,고급형선불카드,일반,5일권,0,2
191,2025-02-28,15,3호선,안국,고급형선불카드,일반,5일권,2,0
192,2025-02-28,16,2호선,을지로3가,고급형선불카드,일반,5일권,2,0
193,2025-02-28,17,2호선,신촌,고급형선불카드,일반,5일권,0,2
194,2025-02-28,18,4호선,명동,고급형선불카드,일반,2일권,0,0
195,2025-02-28,19,4호선,명동,고급형선불카드,일반,2일권,0,1
196,2025-02-28,20,2호선,홍대입구,고급형선불카드,일반,5일권,2,0
197,2025-02-28,21,2호선,삼성(무역센터),고급형선불카드,일반,5일권,0,2
198,2025-03-01,00,2호선,삼성(무역센터),고급형선불카드,일반,5일권,0,2
199,2025-03-01,11,2호선,홍대입구,고급형선불카드,일반,7일권,0,0
200,2025-03-01,12,2호선,홍대입구,고급형선불카드,일반,7일권,0,2
201,2025-03-01,13,2호선,뚝섬,고급형선불카드,일반,5일권,1,0
202,2025-03-01,14,2호선,신촌,고급형선불카드,일반,5일권,0,1
203,2025-03-01,15,2호선,시청,고급형선불카드,일반,5일권,0,2
204,2025-03-01,15,2호선,신촌,고급형선불카드,일반,5일권,2,0
205,2025-03-01,16,4호선,회현(남대문시장),고급형선불카드,일반,5일권,1,0
206,2025-03-01,17,1호선,종각,고급형선불카드,일반,5일권,1,0
207,2025-03-01,17,2호선,삼성(무역센터),고급형선불카드,일반,5일권,0,1
208,2025-03-01,17,2호선,사당,고급형선불카드,일반,5일권,1,1
209,2025-03-01,18,3호선,신사,고급형선불카드,일반,5일권,0,1
210,2025-03-01,18,5호선,공덕,고급형선불카드,일반,7일권,2,0
211,2025-03-01,18,5호선,종로3가,고급형선불카드,일반,7일권,0,2
212,2025-03-01,18,6호선,망원,고급형선불카드,일반,7일권,2,0
213,2025-03-01,18,6호선,공덕,고급형선불카드,일반,7일권,0,2
214,2025-03-01,20,1호선,종로3가,고급형선불카드,일반,5일권,0,2
215,2025-03-01,20,3호선,압구정,고급형선불카드,일반,5일권,2,0
216,2025-03-01,21,1호선,종각,고급형선불카드,일반,5일권,0,2
217,2025-03-01,21,1호선,종로5가,고급형선불카드,일반,5일권,2,0
218,2025-03-01,21,5호선,종로3가,고급형선불카드,일반,7일권,2,0
219,2025-03-01,23,4호선,명동,고급형선불카드,일반,5일권,2,0
220,2025-03-02,12,6호선,이태원,고급형선불카드,일반,7일권,0,0
221,2025-03-02,13,6호선,이태원,고급형선불카드,일반,7일권,0,2
222,2025-03-02,14,4호선,이촌(국립중앙박물관),고급형선불카드,일반,7일권,0,2
223,2025-03-02,14,6호선,이태원,고급형선불카드,일반,7일권,2,0
224,2025-03-02,18,4호선,이촌(국립중앙박물관),고급형선불카드,일반,7일권,2,0
225,2025-03-02,19,4호선,이촌(국립중앙박물관),고급형선불카드,일반,7일권,0,0
226,2025-03-03,10,4호선,서울역,고급형선불카드,일반,7일권,0,0
227,2025-03-03,11,4호선,서울역,고급형선불카드,일반,7일권,0,2
228,2025-03-06,17,3호선,경복궁(정부서울청사),고급형선불카드,일반,2일권,2,0
229,2025-03-06,18,1호선,동묘앞,고급형선불카드,일반,2일권,0,2
230,2025-03-07,13,2호선,삼성(무역센터),고급형선불카드,일반,2일권,2,0
231,2025-03-07,13,2호선,홍대입구,고급형선불카드,일반,3일권,1,0
232,2025-03-07,14,1호선,신설동,고급형선불카드,일반,2일권,0,2
233,2025-03-07,14,2호선,홍대입구,고급형선불카드,일반,3일권,0,0
234,2025-03-07,20,2호선,홍대입구,고급형선불카드,일반,3일권,0,0
235,2025-03-07,21,2호선,홍대입구,고급형선불카드,일반,3일권,0,1
236,2025-03-08,16,6호선,한강진,고급형선불카드,일반,3일권,0,0
237,2025-03-08,17,6호선,한강진,고급형선불카드,일반,3일권,0,1
238,2025-03-10,11,1호선,서울역,고급형선불카드,일반,5일권,2,0
239,2025-03-10,12,2호선,잠실(송파구청),고급형선불카드,일반,5일권,0,2
240,2025-03-10,19,2호선,잠실(송파구청),고급형선불카드,일반,5일권,2,0
241,2025-03-10,19,5호선,행당,고급형선불카드,일반,5일권,0,2
242,2025-03-11,11,4호선,서울역,고급형선불카드,일반,2일권,2,0
243,2025-03-11,17,2호선,을지로입구,고급형선불카드,일반,5일권,2,0
244,2025-03-11,17,5호선,행당,고급형선불카드,일반,5일권,0,1
245,2025-03-12,09,4호선,명동,고급형선불카드,일반,2일권,0,1
246,2025-03-12,09,4호선,서울역,고급형선불카드,일반,2일권,1,0
247,2025-03-12,11,3호선,옥수,고급형선불카드,일반,5일권,2,0
248,2025-03-12,12,2호선,을지로입구,고급형선불카드,일반,2일권,4,1
249,2025-03-12,12,2호선,성수,고급형선불카드,일반,2일권,0,2
250,2025-03-12,12,3호선,안국,고급형선불카드,일반,2일권,0,1
251,2025-03-12,13,5호선,올림픽공원(한국체대),고급형선불카드,일반,5일권,0,2
252,2025-03-12,14,2호선,을지로입구,고급형선불카드,일반,2일권,0,2
253,2025-03-12,14,2호선,성수,고급형선불카드,일반,2일권,2,0
254,2025-03-12,15,1호선,종로3가,고급형선불카드,일반,2일권,1,0
255,2025-03-12,15,1호선,종로5가,고급형선불카드,일반,2일권,0,1
256,2025-03-12,16,1호선,종로5가,고급형선불카드,일반,2일권,1,0
257,2025-03-12,16,4호선,명동,고급형선불카드,일반,2일권,0,1
258,2025-03-12,18,2호선,삼성(무역센터),고급형선불카드,일반,5일권,2,0
259,2025-03-12,19,5호선,행당,고급형선불카드,일반,5일권,0,2
260,2025-03-12,22,2호선,홍대입구,고급형선불카드,일반,5일권,0,2
261,2025-03-12,22,5호선,행당,고급형선불카드,일반,5일권,2,0
262,2025-03-13,13,4호선,동대문,고급형선불카드,일반,2일권,0,1
263,2025-03-13,13,4호선,명동,고급형선불카드,일반,2일권,1,0
264,2025-03-13,14,1호선,종로5가,고급형선불카드,일반,2일권,0,1
265,2025-03-13,14,4호선,혜화,고급형선불카드,일반,2일권,1,0
266,2025-03-13,15,1호선,서울역,고급형선불카드,일반,2일권,0,1
267,2025-03-13,15,1호선,종로5가,고급형선불카드,일반,2일권,1,0
268,2025-03-13,15,2호선,홍대입구,고급형선불카드,일반,5일권,0,1
269,2025-03-13,15,5호선,행당,고급형선불카드,일반,5일권,1,0
270,2025-03-13,18,2호선,성수,고급형선불카드,일반,5일권,0,1
271,2025-03-13,18,2호선,홍대입구,고급형선불카드,일반,5일권,1,0
272,2025-03-13,18,4호선,동대문,고급형선불카드,일반,5일권,0,1
273,2025-03-13,18,5호선,행당,고급형선불카드,일반,5일권,1,0
274,2025-03-13,19,2호선,성수,고급형선불카드,일반,5일권,1,0
275,2025-03-13,19,4호선,동대문역사문화공원(DDP),고급형선불카드,일반,5일권,1,0
276,2025-03-13,19,5호선,행당,고급형선불카드,일반,5일권,0,1
277,2025-03-13,20,4호선,명동,고급형선불카드,일반,2일권,1,0
278,2025-03-13,20,5호선,행당,고급형선불카드,일반,5일권,0,1
279,2025-03-14,10,5호선,행당,고급형선불카드,일반,5일권,1,0
280,2025-03-14,11,1호선,서울역,고급형선불카드,일반,3일권,1,0
281,2025-03-14,11,2호선,홍대입구,고급형선불카드,일반,5일권,0,1
282,2025-03-14,13,2호선,을지로입구,고급형선불카드,일반,5일권,0,1
283,2025-03-14,13,2호선,홍대입구,고급형선불카드,일반,5일권,1,0
284,2025-03-14,13,5호선,행당,고급형선불카드,일반,5일권,1,0
285,2025-03-14,14,2호선,홍대입구,고급형선불카드,일반,5일권,0,1
286,2025-03-14,14,4호선,회현(남대문시장),고급형선불카드,일반,5일권,1,0
287,2025-03-14,15,1호선,서울역,고급형선불카드,일반,3일권,1,0
288,2025-03-14,15,4호선,신용산,고급형선불카드,일반,5일권,0,1
289,2025-03-14,15,4호선,이촌(국립중앙박물관),고급형선불카드,일반,3일권,0,1
290,2025-03-14,15,6호선,이태원,고급형선불카드,일반,5일권,1,1
291,2025-03-14,17,4호선,이촌(국립중앙박물관),고급형선불카드,일반,3일권,1,0
292,2025-03-14,18,2호선,홍대입구,고급형선불카드,일반,3일권,0,1
293,2025-03-14,20,2호선,홍대입구,고급형선불카드,일반,3일권,1,0
294,2025-03-14,22,2호선,홍대입구,고급형선불카드,일반,3일권,0,0
295,2025-03-14,23,2호선,홍대입구,고급형선불카드,일반,3일권,0,1
296,2025-03-15,08,2호선,홍대입구,고급형선불카드,일반,3일권,1,0
297,2025-03-15,09,1호선,종각,고급형선불카드,일반,3일권,0,1
298,2025-03-15,13,2호선,을지로4가,고급형선불카드,일반,1일권,5,0
299,2025-03-15,13,2호선,잠실(송파구청),고급형선불카드,일반,1일권,0,5
300,2025-03-15,15,2호선,잠실(송파구청),고급형선불카드,일반,1일권,5,0
301,2025-03-15,15,2호선,삼성(무역센터),고급형선불카드,일반,1일권,0,5
302,2025-03-15,16,2호선,삼성(무역센터),고급형선불카드,일반,1일권,9,4
303,2025-03-15,17,2호선,사당,고급형선불카드,일반,1일권,0,1
304,2025-03-15,17,4호선,명동,고급형선불카드,일반,1일권,0,5
305,2025-03-15,17,4호선,사당,고급형선불카드,일반,1일권,1,0
306,2025-03-15,18,1호선,서울역,고급형선불카드,일반,3일권,1,0
307,2025-03-15,18,2호선,홍대입구,고급형선불카드,일반,3일권,0,1
308,2025-03-15,18,3호선,압구정,고급형선불카드,일반,1일권,0,2
309,2025-03-15,18,4호선,명동,고급형선불카드,일반,1일권,2,0
310,2025-03-15,19,3호선,압구정,고급형선불카드,일반,1일권,2,0
311,2025-03-15,20,6호선,이태원,고급형선불카드,일반,1일권,0,2
312,2025-03-15,21,2호선,홍대입구,고급형선불카드,일반,3일권,0,1
313,2025-03-17,11,4호선,서울역,고급형선불카드,일반,5일권,5,0
314,2025-03-17,12,2호선,삼성(무역센터),고급형선불카드,일반,5일권,0,3
315,2025-03-17,12,2호선,선릉,고급형선불카드,일반,5일권,3,0
316,2025-03-17,12,4호선,서울역,고급형선불카드,일반,5일권,0,0
317,2025-03-17,18,2호선,삼성(무역센터),고급형선불카드,일반,5일권,5,0
318,2025-03-17,19,2호선,삼성(무역센터),고급형선불카드,일반,5일권,0,0
319,2025-03-17,22,3호선,신사,고급형선불카드,일반,5일권,5,0
320,2025-03-17,22,6호선,상수,고급형선불카드,일반,5일권,0,5
321,2025-03-18,10,6호선,상수,고급형선불카드,일반,5일권,5,0
322,2025-03-18,11,2호선,잠실(송파구청),고급형선불카드,일반,5일권,0,5
323,2025-03-18,15,1호선,서울역,고급형선불카드,일반,2일권,2,0
324,2025-03-18,16,4호선,동대문,고급형선불카드,일반,2일권,0,0
325,2025-03-18,17,4호선,동대문,고급형선불카드,일반,2일권,0,2
326,2025-03-18,18,2호선,성수,고급형선불카드,일반,5일권,0,5
327,2025-03-18,18,2호선,잠실(송파구청),고급형선불카드,일반,5일권,5,0
328,2025-03-18,21,2호선,성수,고급형선불카드,일반,5일권,5,0
329,2025-03-18,21,2호선,홍대입구,고급형선불카드,일반,5일권,0,5
330,2025-03-18,21,4호선,동대문,고급형선불카드,일반,2일권,2,0
331,2025-03-18,21,4호선,회현(남대문시장),고급형선불카드,일반,2일권,0,2
332,2025-03-18,22,4호선,동대문,고급형선불카드,일반,2일권,0,2
333,2025-03-18,22,4호선,회현(남대문시장),고급형선불카드,일반,2일권,2,0
334,2025-03-19,11,1호선,종로3가,고급형선불카드,일반,2일권,2,2
335,2025-03-19,11,3호선,경복궁(정부서울청사),고급형선불카드,일반,2일권,0,2
336,2025-03-19,11,4호선,동대문,고급형선불카드,일반,2일권,2,0
337,2025-03-19,12,2호선,홍대입구,고급형선불카드,일반,5일권,4,0
338,2025-03-19,12,3호선,경복궁(정부서울청사),고급형선불카드,일반,5일권,0,4
339,2025-03-19,12,6호선,상수,고급형선불카드,일반,5일권,2,1
340,2025-03-19,13,5호선,광화문(세종문화회관),고급형선불카드,일반,5일권,0,1
341,2025-03-19,15,3호선,안국,고급형선불카드,일반,5일권,3,0
342,2025-03-19,16,4호선,동대문,고급형선불카드,일반,2일권,2,0
343,2025-03-19,16,4호선,명동,고급형선불카드,일반,5일권,0,3
344,2025-03-19,17,4호선,동대문,고급형선불카드,일반,2일권,0,0
345,2025-03-19,17,4호선,충무로,고급형선불카드,일반,5일권,0,3
346,2025-03-19,17,4호선,충무로,고급형선불카드,일반,7일권,0,1
347,2025-03-19,17,4호선,서울역,고급형선불카드,일반,5일권,3,0
348,2025-03-19,17,4호선,서울역,고급형선불카드,일반,7일권,1,0
349,2025-03-19,19,4호선,회현(남대문시장),고급형선불카드,일반,7일권,2,0
350,2025-03-19,20,2호선,을지로입구,고급형선불카드,일반,5일권,5,0
351,2025-03-19,20,2호선,홍대입구,고급형선불카드,일반,5일권,0,5
352,2025-03-19,20,6호선,이태원,고급형선불카드,일반,7일권,0,2
353,2025-03-19,22,2호선,을지로입구,고급형선불카드,일반,2일권,0,2
354,2025-03-19,22,4호선,명동,고급형선불카드,일반,7일권,1,0
355,2025-03-19,22,4호선,서울역,고급형선불카드,일반,7일권,0,1
356,2025-03-19,23,2호선,을지로입구,고급형선불카드,일반,2일권,2,0
357,2025-03-19,23,4호선,동대문,고급형선불카드,일반,2일권,0,2
358,2025-03-20,00,6호선,상수,고급형선불카드,일반,5일권,0,5
359,2025-03-20,05,6호선,상수,고급형선불카드,일반,5일권,6,1
360,2025-03-20,06,4호선,서울역,고급형선불카드,일반,5일권,0,5
361,2025-03-20,10,1호선,서울역,고급형선불카드,일반,5일권,3,0
362,2025-03-20,10,4호선,명동,고급형선불카드,일반,5일권,0,3
363,2025-03-20,14,4호선,회현(남대문시장),고급형선불카드,일반,7일권,2,0
364,2025-03-20,14,6호선,삼각지(전쟁기념관),고급형선불카드,일반,7일권,0,2
365,2025-03-20,16,1호선,종각,고급형선불카드,일반,7일권,1,0
366,2025-03-20,17,1호선,서울역,고급형선불카드,일반,7일권,0,1
367,2025-03-20,17,6호선,삼각지(전쟁기념관),고급형선불카드,일반,7일권,2,0
368,2025-03-20,18,3호선,압구정,고급형선불카드,일반,7일권,0,1
369,2025-03-20,18,4호선,서울역,고급형선불카드,일반,7일권,1,0
370,2025-03-20,18,5호선,여의나루,고급형선불카드,일반,7일권,0,2
371,2025-03-20,21,1호선,서울역,고급형선불카드,일반,7일권,0,0
372,2025-03-20,22,1호선,서울역,고급형선불카드,일반,7일권,0,1
373,2025-03-20,23,1호선,서울역,고급형선불카드,일반,5일권,5,0
374,2025-03-21,05,6호선,안암(고대병원앞),고급형선불카드,일반,5일권,3,0
375,2025-03-21,07,6호선,안암(고대병원앞),고급형선불카드,일반,5일권,0,0
376,2025-03-21,09,6호선,상수,고급형선불카드,일반,5일권,1,0
377,2025-03-21,10,2호선,교대(법원.검찰청),고급형선불카드,일반,5일권,0,0
378,2025-03-21,10,6호선,한강진,고급형선불카드,일반,5일권,0,1
379,2025-03-21,11,2호선,교대(법원.검찰청),고급형선불카드,일반,5일권,0,4
380,2025-03-21,12,2호선,강남,고급형선불카드,일반,5일권,0,4
381,2025-03-21,12,2호선,교대(법원.검찰청),고급형선불카드,일반,5일권,4,0
382,2025-03-21,12,7호선,청담,고급형선불카드,일반,5일권,1,0
383,2025-03-21,13,6호선,상수,고급형선불카드,일반,5일권,5,1
384,2025-03-21,14,5호선,종로3가,고급형선불카드,일반,5일권,0,5
385,2025-03-21,15,4호선,동대문,고급형선불카드,일반,7일권,0,2
386,2025-03-21,15,4호선,회현(남대문시장),고급형선불카드,일반,7일권,2,0
387,2025-03-21,15,5호선,종로3가,고급형선불카드,일반,5일권,1,0
388,2025-03-21,16,2호선,홍대입구,고급형선불카드,일반,5일권,1,0
389,2025-03-21,16,5호선,종로3가,고급형선불카드,일반,5일권,4,1
390,2025-03-21,16,6호선,상수,고급형선불카드,일반,5일권,0,2
391,2025-03-21,17,3호선,종로3가,고급형선불카드,일반,5일권,4,0
392,2025-03-21,17,4호선,명동,고급형선불카드,일반,5일권,0,4
393,2025-03-21,17,5호선,종로3가,고급형선불카드,일반,5일권,0,3
394,2025-03-21,19,1호선,시청,고급형선불카드,일반,5일권,0,4
395,2025-03-21,19,4호선,명동,고급형선불카드,일반,5일권,4,0
396,2025-03-21,20,3호선,안국,고급형선불카드,일반,7일권,2,0
397,2025-03-21,20,4호선,충무로,고급형선불카드,일반,7일권,0,2
398,2025-03-21,20,5호선,청구,고급형선불카드,일반,5일권,0,1
399,2025-03-21,20,6호선,이태원,고급형선불카드,일반,5일권,1,0
400,2025-03-21,21,2호선,시청,고급형선불카드,일반,5일권,1,0
401,2025-03-21,21,2호선,합정,고급형선불카드,일반,5일권,0,1
402,2025-03-21,21,6호선,합정,고급형선불카드,일반,5일권,1,0
403,2025-03-21,21,6호선,상수,고급형선불카드,일반,5일권,0,1
404,2025-03-22,10,4호선,동대문역사문화공원(DDP),고급형선불카드,일반,5일권,1,0
405,2025-03-22,11,5호선,광화문(세종문화회관),고급형선불카드,일반,5일권,0,1
406,2025-03-22,13,4호선,서울역,고급형선불카드,일반,7일권,1,0
407,2025-03-22,13,6호선,망원,고급형선불카드,일반,7일권,0,1
408,2025-03-22,14,3호선,안국,고급형선불카드,일반,5일권,1,0
409,2025-03-22,15,2호선,을지로입구,고급형선불카드,일반,5일권,2,0
410,2025-03-22,15,2호선,홍대입구,고급형선불카드,일반,5일권,0,2
411,2025-03-22,15,4호선,동대문역사문화공원(DDP),고급형선불카드,일반,5일권,0,1
412,2025-03-22,15,6호선,망원,고급형선불카드,일반,7일권,1,0
413,2025-03-22,15,6호선,상수,고급형선불카드,일반,7일권,0,1
414,2025-03-22,16,2호선,을지로입구,고급형선불카드,일반,5일권,2,0
415,2025-03-22,16,2호선,홍대입구,고급형선불카드,일반,5일권,0,2
416,2025-03-22,18,2호선,을지로입구,고급형선불카드,일반,5일권,0,4
417,2025-03-22,18,2호선,홍대입구,고급형선불카드,일반,5일권,4,0
418,2025-03-22,19,4호선,동대문역사문화공원(DDP),고급형선불카드,일반,5일권,1,0
419,2025-03-22,19,4호선,명동,고급형선불카드,일반,5일권,0,1
420,2025-03-22,21,4호선,서울역,고급형선불카드,일반,7일권,0,1
421,2025-03-22,23,4호선,동대문역사문화공원(DDP),고급형선불카드,일반,5일권,0,1
422,2025-03-22,23,4호선,명동,고급형선불카드,일반,5일권,1,0
423,2025-03-23,07,6호선,안암(고대병원앞),고급형선불카드,일반,5일권,3,0
424,2025-03-23,09,1호선,서울역,고급형선불카드,일반,5일권,4,0
425,2025-03-23,09,2호선,성수,고급형선불카드,일반,5일권,0,4
426,2025-03-23,11,1호선,동대문,고급형선불카드,일반,5일권,1,0
427,2025-03-23,11,4호선,명동,고급형선불카드,일반,5일권,0,1
428,2025-03-23,12,4호선,명동,고급형선불카드,일반,5일권,1,0
429,2025-03-23,12,6호선,삼각지(전쟁기념관),고급형선불카드,일반,5일권,0,1
430,2025-03-23,15,4호선,회현(남대문시장),고급형선불카드,일반,7일권,2,0
431,2025-03-23,16,2호선,동대문역사문화공원(DDP),고급형선불카드,일반,5일권,0,4
432,2025-03-23,16,2호선,뚝섬,고급형선불카드,일반,5일권,4,0
433,2025-03-23,20,1호선,종각,고급형선불카드,일반,5일권,1,0
434,2025-03-23,21,1호선,서울역,고급형선불카드,일반,5일권,1,1
435,2025-03-23,21,4호선,동대문역사문화공원(DDP),고급형선불카드,일반,5일권,0,1
436,2025-03-23,22,5호선,여의나루,고급형선불카드,일반,7일권,2,0
437,2025-03-23,23,4호선,회현(남대문시장),고급형선불카드,일반,7일권,0,2
438,2025-03-24,12,3호선,경복궁(정부서울청사),고급형선불카드,일반,5일권,4,0
439,2025-03-24,13,4호선,동대문역사문화공원(DDP),고급형선불카드,일반,5일권,0,4
440,2025-03-24,13,4호선,회현(남대문시장),고급형선불카드,일반,5일권,1,0
441,2025-03-24,13,4호선,회현(남대문시장),고급형선불카드,일반,7일권,2,0
442,2025-03-24,13,4호선,이촌(국립중앙박물관),고급형선불카드,일반,5일권,0,1
443,2025-03-24,14,3호선,독립문,고급형선불카드,일반,7일권,1,0
444,2025-03-24,14,5호선,여의나루,고급형선불카드,일반,7일권,0,2
445,2025-03-24,15,6호선,한강진,고급형선불카드,일반,7일권,0,1
446,2025-03-24,16,4호선,동대문역사문화공원(DDP),고급형선불카드,일반,5일권,0,1
447,2025-03-24,16,4호선,이촌(국립중앙박물관),고급형선불카드,일반,5일권,1,0
448,2025-03-24,17,2호선,건대입구,고급형선불카드,일반,5일권,0,3
449,2025-03-24,17,2호선,강남,고급형선불카드,일반,5일권,3,0
450,2025-03-24,18,2호선,건대입구,고급형선불카드,일반,5일권,0,1
451,2025-03-24,18,2호선,교대(법원.검찰청),고급형선불카드,일반,5일권,1,0
452,2025-03-24,18,6호선,이태원,고급형선불카드,일반,5일권,0,1
453,2025-03-24,18,6호선,신당,고급형선불카드,일반,5일권,1,0
454,2025-03-24,19,2호선,을지로입구,고급형선불카드,일반,5일권,0,0
455,2025-03-24,19,4호선,명동,고급형선불카드,일반,7일권,0,2
456,2025-03-24,20,2호선,을지로입구,고급형선불카드,일반,5일권,0,2
457,2025-03-24,20,2호선,건대입구,고급형선불카드,일반,5일권,4,0
458,2025-03-24,21,2호선,충정로(경기대입구),고급형선불카드,일반,5일권,0,4
459,2025-03-25,07,4호선,동대문역사문화공원(DDP),고급형선불카드,일반,5일권,1,0
460,2025-03-25,07,4호선,명동,고급형선불카드,일반,5일권,0,1
461,2025-03-25,13,4호선,동대문역사문화공원(DDP),고급형선불카드,일반,7일권,0,1
462,2025-03-25,13,5호선,광화문(세종문화회관),고급형선불카드,일반,7일권,1,0
463,2025-03-25,14,2호선,동대문역사문화공원(DDP),고급형선불카드,일반,7일권,1,0
464,2025-03-25,14,4호선,명동,고급형선불카드,일반,5일권,2,0
465,2025-03-25,14,6호선,삼각지(전쟁기념관),고급형선불카드,일반,5일권,0,2
466,2025-03-25,15,2호선,을지로입구,고급형선불카드,일반,7일권,2,0
467,2025-03-25,15,4호선,신용산,고급형선불카드,일반,7일권,0,1
468,2025-03-25,15,6호선,삼각지(전쟁기념관),고급형선불카드,일반,5일권,2,0
469,2025-03-25,16,2호선,시청,고급형선불카드,일반,5일권,1,0
470,2025-03-25,16,2호선,동대문역사문화공원(DDP),고급형선불카드,일반,5일권,0,1
471,2025-03-25,16,2호선,신당,고급형선불카드,일반,5일권,1,1
472,2025-03-25,16,3호선,안국,고급형선불카드,일반,7일권,0,2
473,2025-03-25,16,6호선,월드컵경기장(성산),고급형선불카드,일반,5일권,0,2
474,2025-03-25,18,2호선,홍대입구,고급형선불카드,일반,5일권,0,2
475,2025-03-25,18,3호선,안국,고급형선불카드,일반,7일권,2,0
476,2025-03-25,18,4호선,동대문역사문화공원(DDP),고급형선불카드,일반,5일권,1,0
477,2025-03-25,18,6호선,월드컵경기장(성산),고급형선불카드,일반,5일권,2,0
478,2025-03-25,19,4호선,회현(남대문시장),고급형선불카드,일반,7일권,0,2
479,2025-03-25,19,6호선,이태원,고급형선불카드,일반,5일권,0,1
480,2025-03-25,21,1호선,서울역,고급형선불카드,일반,7일권,1,2
481,2025-03-25,21,2호선,을지로입구,고급형선불카드,일반,5일권,0,1
482,2025-03-25,21,2호선,성수,고급형선불카드,일반,5일권,0,1
483,2025-03-25,21,2호선,홍대입구,고급형선불카드,일반,5일권,1,0
484,2025-03-25,21,6호선,이태원,고급형선불카드,일반,5일권,1,0
485,2025-03-25,22,2호선,성수,고급형선불카드,일반,5일권,1,0
486,2025-03-25,22,4호선,동대문,고급형선불카드,일반,5일권,0,1
487,2025-03-26,14,1호선,서울역,고급형선불카드,일반,5일권,1,0
488,2025-03-26,15,1호선,서울역,고급형선불카드,일반,5일권,0,0
489,2025-03-26,16,2호선,을지로4가,고급형선불카드,일반,5일권,2,0
490,2025-03-26,16,2호선,뚝섬,고급형선불카드,일반,5일권,0,2
491,2025-03-26,21,2호선,을지로입구,고급형선불카드,일반,5일권,0,2
492,2025-03-26,21,2호선,성수,고급형선불카드,일반,5일권,2,0
493,2025-03-27,13,2호선,을지로입구,고급형선불카드,일반,5일권,2,0
494,2025-03-27,13,2호선,동대문역사문화공원(DDP),고급형선불카드,일반,5일권,0,2
495,2025-03-27,13,4호선,명동,고급형선불카드,일반,1일권,0,1
496,2025-03-27,13,4호선,서울역,고급형선불카드,일반,1일권,1,0
497,2025-03-27,14,1호선,서울역,고급형선불카드,일반,1일권,0,1
498,2025-03-27,14,2호선,역삼,고급형선불카드,일반,5일권,0,1
499,2025-03-27,14,2호선,강남,고급형선불카드,일반,5일권,1,0
500,2025-03-27,14,4호선,명동,고급형선불카드,일반,1일권,1,0
501,2025-03-27,15,2호선,동대문역사문화공원(DDP),고급형선불카드,일반,5일권,2,2
502,2025-03-27,16,4호선,동대문역사문화공원(DDP),고급형선불카드,일반,5일권,2,0
503,2025-03-27,16,5호선,여의나루,고급형선불카드,일반,5일권,0,2
504,2025-03-27,18,4호선,명동,고급형선불카드,일반,1일권,0,0
505,2025-03-27,19,4호선,명동,고급형선불카드,일반,1일권,0,1
506,2025-03-27,20,2호선,을지로입구,고급형선불카드,일반,5일권,0,2
507,2025-03-27,20,4호선,명동,고급형선불카드,일반,1일권,1,0
508,2025-03-27,20,5호선,여의도,고급형선불카드,일반,5일권,2,0
509,2025-03-27,21,4호선,명동,고급형선불카드,일반,1일권,0,0
510,2025-03-28,08,4호선,명동,고급형선불카드,일반,5일권,2,0
511,2025-03-28,08,4호선,서울역,고급형선불카드,일반,5일권,0,2
512,2025-03-28,09,4호선,서울역,고급형선불카드,일반,5일권,2,0
513,2025-03-31,11,1호선,서울역,고급형선불카드,일반,3일권,2,0
514,2025-03-31,11,3호선,경복궁(정부서울청사),고급형선불카드,일반,3일권,0,2
515,2025-03-31,15,3호선,경복궁(정부서울청사),고급형선불카드,일반,3일권,2,0
516,2025-03-31,16,1호선,시청,고급형선불카드,일반,3일권,0,1
517,2025-03-31,19,2호선,을지로입구,고급형선불카드,일반,5일권,1,0
518,2025-03-31,19,2호선,잠실새내,고급형선불카드,일반,5일권,0,1
519,2025-04-01,06,2호선,잠실새내,고급형선불카드,일반,5일권,1,0
520,2025-04-01,07,2호선,홍대입구,고급형선불카드,일반,5일권,0,1
521,2025-04-01,09,1호선,서울역,고급형선불카드,일반,3일권,0,1
522,2025-04-01,09,1호선,시청,고급형선불카드,일반,3일권,2,0
523,2025-04-01,10,1호선,서울역,고급형선불카드,일반,3일권,1,0
524,2025-04-01,10,3호선,안국,고급형선불카드,일반,3일권,0,2
525,2025-04-01,13,1호선,시청,고급형선불카드,일반,3일권,0,2
526,2025-04-01,13,3호선,종로3가,고급형선불카드,일반,3일권,2,0
527,2025-04-01,15,2호선,시청,고급형선불카드,일반,5일권,1,0
528,2025-04-01,16,2호선,잠실새내,고급형선불카드,일반,5일권,0,1
529,2025-04-01,18,3호선,신사,고급형선불카드,일반,5일권,0,0
530,2025-04-01,19,3호선,신사,고급형선불카드,일반,5일권,0,1
531,2025-04-02,12,1호선,서울역,고급형선불카드,일반,3일권,1,0
532,2025-04-02,12,1호선,시청,고급형선불카드,일반,3일권,0,1
533,2025-04-02,15,1호선,서울역,고급형선불카드,일반,3일권,0,1
534,2025-04-02,15,1호선,시청,고급형선불카드,일반,3일권,1,0
535,2025-04-02,16,1호선,서울역,고급형선불카드,일반,3일권,2,0
536,2025-04-02,16,1호선,시청,고급형선불카드,일반,3일권,0,2
537,2025-04-02,16,2호선,잠실새내,고급형선불카드,일반,5일권,1,0
538,2025-04-02,17,6호선,한강진,고급형선불카드,일반,5일권,0,1
539,2025-04-03,15,6호선,광흥창(서강),고급형선불카드,일반,5일권,0,1
540,2025-04-03,15,6호선,한강진,고급형선불카드,일반,5일권,1,0
541,2025-04-03,16,5호선,여의나루,고급형선불카드,일반,5일권,1,0
542,2025-04-03,17,4호선,명동,고급형선불카드,일반,5일권,0,1
543,2025-04-03,19,4호선,명동,고급형선불카드,일반,5일권,1,0
544,2025-04-03,20,4호선,명동,고급형선불카드,일반,5일권,0,0
545,2025-04-04,20,2호선,동대문역사문화공원(DDP),고급형선불카드,일반,5일권,0,1
546,2025-04-04,20,2호선,잠실(송파구청),고급형선불카드,일반,5일권,1,0
547,2025-04-04,22,2호선,동대문역사문화공원(DDP),고급형선불카드,일반,5일권,1,0
548,2025-04-04,22,2호선,잠실새내,고급형선불카드,일반,5일권,0,1
549,2025-04-08,13,1호선,서울역,고급형선불카드,일반,3일권,2,0
550,2025-04-08,15,8호선,복정,고급형선불카드,일반,3일권,0,0
551,2025-04-08,16,8호선,복정,고급형선불카드,일반,3일권,0,2
552,2025-04-08,18,8호선,복정,고급형선불카드,일반,3일권,2,0
553,2025-04-09,15,4호선,동대문역사문화공원(DDP),고급형선불카드,일반,3일권,2,0
554,2025-04-09,15,5호선,광화문(세종문화회관),고급형선불카드,일반,3일권,0,2
555,2025-04-09,16,2호선,홍대입구,고급형선불카드,일반,1일권,0,1
556,2025-04-09,16,2호선,아현,고급형선불카드,일반,1일권,1,0
557,2025-04-09,18,2호선,시청,고급형선불카드,일반,3일권,2,0
558,2025-04-09,18,2호선,홍대입구,고급형선불카드,일반,3일권,0,2
559,2025-04-09,21,2호선,합정,고급형선불카드,일반,1일권,1,0
560,2025-04-09,21,2호선,홍대입구,고급형선불카드,일반,1일권,0,1
561,2025-04-09,22,2호선,합정,고급형선불카드,일반,1일권,0,1
562,2025-04-09,22,2호선,홍대입구,고급형선불카드,일반,1일권,1,0
563,2025-04-10,10,4호선,사당,고급형선불카드,일반,3일권,0,2
564,2025-04-10,10,6호선,공덕,고급형선불카드,일반,3일권,2,0
565,2025-04-10,11,1호선,서울역,고급형선불카드,일반,5일권,2,1
566,2025-04-10,12,6호선,공덕,고급형선불카드,일반,5일권,0,1
567,2025-04-10,17,4호선,명동,고급형선불카드,일반,3일권,0,0
568,2025-04-10,18,4호선,동대문역사문화공원(DDP),고급형선불카드,일반,3일권,0,2
569,2025-04-10,18,4호선,명동,고급형선불카드,일반,3일권,2,2
570,2025-04-10,19,4호선,동대문역사문화공원(DDP),고급형선불카드,일반,3일권,1,0
571,2025-04-10,19,5호선,공덕,고급형선불카드,일반,3일권,0,1
572,2025-04-10,20,3호선,금호,고급형선불카드,일반,3일권,1,0
573,2025-04-10,20,6호선,공덕,고급형선불카드,일반,3일권,0,1
574,2025-04-11,12,1호선,서울역,고급형선불카드,일반,7일권,3,0
575,2025-04-11,13,2호선,을지로4가,고급형선불카드,일반,7일권,0,3
576,2025-04-11,14,2호선,시청,고급형선불카드,일반,3일권,1,0
577,2025-04-11,15,2호선,삼성(무역센터),고급형선불카드,일반,5일권,1,2
578,2025-04-11,15,2호선,홍대입구,고급형선불카드,일반,3일권,0,1
579,2025-04-11,15,3호선,경복궁(정부서울청사),고급형선불카드,일반,5일권,1,0
580,2025-04-11,16,2호선,삼성(무역센터),고급형선불카드,일반,5일권,1,0
581,2025-04-11,16,4호선,동대문역사문화공원(DDP),고급형선불카드,일반,7일권,3,0
582,2025-04-11,16,4호선,명동,고급형선불카드,일반,7일권,1,3
583,2025-04-11,17,4호선,충무로,고급형선불카드,일반,7일권,0,1
584,2025-04-11,17,4호선,회현(남대문시장),고급형선불카드,일반,5일권,0,1
585,2025-04-11,19,2호선,시청,고급형선불카드,일반,3일권,0,1
586,2025-04-11,19,2호선,을지로입구,고급형선불카드,일반,7일권,2,0
587,2025-04-11,19,2호선,을지로4가,고급형선불카드,일반,7일권,0,2
588,2025-04-11,19,2호선,합정,고급형선불카드,일반,3일권,1,0
589,2025-04-12,09,2호선,을지로4가,고급형선불카드,일반,7일권,6,3
590,2025-04-12,10,2호선,합정,고급형선불카드,일반,7일권,0,3
591,2025-04-12,14,1호선,종각,고급형선불카드,일반,3일권,0,1
592,2025-04-12,14,1호선,종로5가,고급형선불카드,일반,3일권,1,0
593,2025-04-12,16,2호선,홍대입구,고급형선불카드,일반,7일권,3,0
594,2025-04-12,17,2호선,홍대입구,고급형선불카드,일반,7일권,0,0
595,2025-04-12,18,2호선,을지로입구,고급형선불카드,일반,5일권,1,0
596,2025-04-12,18,2호선,홍대입구,고급형선불카드,일반,5일권,0,1
597,2025-04-12,19,2호선,을지로4가,고급형선불카드,일반,7일권,0,3
598,2025-04-12,19,3호선,고속터미널,고급형선불카드,일반,7일권,3,0
599,2025-04-13,11,2호선,시청,고급형선불카드,일반,3일권,1,0
600,2025-04-13,11,2호선,홍대입구,고급형선불카드,일반,3일권,0,1
601,2025-04-13,12,2호선,합정,고급형선불카드,일반,1일권,1,0
602,2025-04-13,12,3호선,안국,고급형선불카드,일반,1일권,0,1
603,2025-04-13,13,1호선,종각,고급형선불카드,일반,5일권,1,0
604,2025-04-13,13,2호선,을지로입구,고급형선불카드,일반,3일권,0,1
605,2025-04-13,13,2호선,홍대입구,고급형선불카드,일반,3일권,1,0
606,2025-04-13,17,2호선,을지로4가,고급형선불카드,일반,7일권,3,0
607,2025-04-13,17,2호선,삼성(무역센터),고급형선불카드,일반,7일권,0,3
608,2025-04-13,18,2호선,합정,고급형선불카드,일반,1일권,0,1
609,2025-04-13,18,4호선,숙대입구(갈월),고급형선불카드,일반,1일권,1,0
610,2025-04-13,19,2호선,삼성(무역센터),고급형선불카드,일반,7일권,3,0
611,2025-04-13,20,2호선,을지로입구,고급형선불카드,일반,7일권,0,3
612,2025-04-13,21,2호선,을지로입구,고급형선불카드,일반,7일권,3,0
613,2025-04-13,21,2호선,을지로4가,고급형선불카드,일반,7일권,0,3
614,2025-04-14,09,1호선,종각,고급형선불카드,일반,7일권,0,3
615,2025-04-14,09,2호선,을지로4가,고급형선불카드,일반,7일권,4,1
616,2025-04-14,10,4호선,이촌(국립중앙박물관),고급형선불카드,일반,1일권,0,12
617,2025-04-14,11,4호선,이촌(국립중앙박물관),고급형선불카드,일반,1일권,12,0
618,2025-04-14,12,1호선,종각,고급형선불카드,일반,7일권,3,0
619,2025-04-14,12,1호선,종로5가,고급형선불카드,일반,1일권,0,12
620,2025-04-14,13,1호선,종로5가,고급형선불카드,일반,1일권,9,0
621,2025-04-14,13,4호선,이촌(국립중앙박물관),고급형선불카드,일반,7일권,0,3
622,2025-04-14,14,1호선,종로3가,고급형선불카드,일반,1일권,3,13
623,2025-04-14,14,3호선,남부터미널(예술의전당),고급형선불카드,일반,7일권,0,3
624,2025-04-14,14,4호선,이촌(국립중앙박물관),고급형선불카드,일반,7일권,3,0
625,2025-04-14,15,3호선,남부터미널(예술의전당),고급형선불카드,일반,7일권,3,0
626,2025-04-14,16,5호선,종로3가,고급형선불카드,일반,7일권,1,3
627,2025-04-14,17,2호선,을지로3가,고급형선불카드,일반,7일권,2,2
628,2025-04-14,17,2호선,을지로4가,고급형선불카드,일반,7일권,0,3
629,2025-04-14,17,3호선,안국,고급형선불카드,일반,7일권,2,0
630,2025-04-14,17,4호선,명동,고급형선불카드,일반,1일권,12,0
631,2025-04-14,17,4호선,서울역,고급형선불카드,일반,7일권,2,0
632,2025-04-14,18,2호선,잠실(송파구청),고급형선불카드,일반,1일권,0,12
633,2025-04-14,18,2호선,삼성(무역센터),고급형선불카드,일반,7일권,0,2
634,2025-04-14,19,2호선,을지로입구,고급형선불카드,일반,7일권,0,3
635,2025-04-14,19,2호선,을지로4가,고급형선불카드,일반,7일권,3,0
636,2025-04-14,19,2호선,강변(동서울터미널),고급형선불카드,일반,1일권,0,12
637,2025-04-14,19,2호선,잠실(송파구청),고급형선불카드,일반,1일권,12,0
638,2025-04-14,19,4호선,총신대입구(이수),고급형선불카드,일반,7일권,2,2
639,2025-04-14,20,2호선,을지로입구,고급형선불카드,일반,7일권,2,0
640,2025-04-14,20,2호선,을지로4가,고급형선불카드,일반,7일권,0,2
641,2025-04-14,21,2호선,을지로입구,고급형선불카드,일반,7일권,1,0
642,2025-04-14,22,2호선,을지로4가,고급형선불카드,일반,7일권,0,1
643,2025-04-15,10,5호선,여의도,고급형선불카드,일반,7일권,0,0
644,2025-04-15,11,1호선,서울역,고급형선불카드,일반,1일권,1,0
645,2025-04-15,11,1호선,종각,고급형선불카드,일반,1일권,0,1
646,2025-04-15,11,4호선,동대문역사문화공원(DDP),고급형선불카드,일반,7일권,3,0
647,2025-04-15,11,4호선,명동,고급형선불카드,일반,7일권,0,3
648,2025-04-15,12,5호선,여의도,고급형선불카드,일반,7일권,0,2
649,2025-04-15,13,4호선,명동,고급형선불카드,일반,7일권,3,0
650,2025-04-15,14,3호선,경복궁(정부서울청사),고급형선불카드,일반,7일권,0,3
651,2025-04-15,15,3호선,경복궁(정부서울청사),고급형선불카드,일반,7일권,3,2
652,2025-04-15,15,3호선,안국,고급형선불카드,일반,1일권,1,0
653,2025-04-15,15,3호선,안국,고급형선불카드,일반,7일권,0,3
654,2025-04-15,16,2호선,잠실(송파구청),고급형선불카드,일반,1일권,0,1
655,2025-04-15,16,3호선,안국,고급형선불카드,일반,7일권,3,0
656,2025-04-15,17,2호선,을지로4가,고급형선불카드,일반,7일권,0,3
657,2025-04-15,17,2호선,잠실(송파구청),고급형선불카드,일반,1일권,1,0
658,2025-04-15,17,3호선,안국,고급형선불카드,일반,7일권,2,0
659,2025-04-15,17,4호선,서울역,고급형선불카드,일반,7일권,0,2
660,2025-04-15,18,2호선,을지로4가,고급형선불카드,일반,7일권,3,0
661,2025-04-15,18,2호선,잠실(송파구청),고급형선불카드,일반,1일권,0,0
662,2025-04-15,19,2호선,을지로입구,고급형선불카드,일반,1일권,0,1
663,2025-04-15,19,2호선,홍대입구,고급형선불카드,일반,7일권,0,3
664,2025-04-15,20,2호선,시청,고급형선불카드,일반,1일권,1,0
665,2025-04-15,20,2호선,합정,고급형선불카드,일반,1일권,0,1
666,2025-04-15,22,2호선,을지로4가,고급형선불카드,일반,7일권,0,1
667,2025-04-15,22,2호선,홍대입구,고급형선불카드,일반,7일권,3,0
668,2025-04-15,23,4호선,동대문역사문화공원(DDP),고급형선불카드,일반,7일권,0,2
669,2025-04-15,23,4호선,신용산,고급형선불카드,일반,7일권,2,0
670,2025-04-16,10,4호선,동대문역사문화공원(DDP),고급형선불카드,일반,7일권,3,0
671,2025-04-16,10,4호선,회현(남대문시장),고급형선불카드,일반,7일권,0,3
672,2025-04-16,12,4호선,회현(남대문시장),고급형선불카드,일반,7일권,3,0
673,2025-04-16,13,2호선,잠실(송파구청),고급형선불카드,일반,7일권,0,3
674,2025-04-16,17,2호선,잠실(송파구청),고급형선불카드,일반,7일권,3,0
675,2025-04-16,18,2호선,을지로4가,고급형선불카드,일반,7일권,0,3
676,2025-04-16,20,4호선,혜화,고급형선불카드,일반,7일권,0,3
677,2025-04-16,20,4호선,동대문역사문화공원(DDP),고급형선불카드,일반,7일권,3,0
678,2025-04-16,21,4호선,혜화,고급형선불카드,일반,7일권,3,0
679,2025-04-16,21,4호선,동대문역사문화공원(DDP),고급형선불카드,일반,7일권,0,3
680,2025-04-17,10,2호선,시청,고급형선불카드,일반,7일권,0,3
681,2025-04-17,10,2호선,을지로4가,고급형선불카드,일반,7일권,3,0
682,2025-04-17,11,7호선,강남구청,고급형선불카드,일반,7일권,0,0
683,2025-04-17,13,7호선,강남구청,고급형선불카드,일반,7일권,0,2
684,2025-04-17,15,7호선,청담,고급형선불카드,일반,7일권,2,0
685,2025-04-17,16,7호선,청담,고급형선불카드,일반,7일권,0,0
686,2025-04-17,18,4호선,서울역,고급형선불카드,일반,7일권,0,0
687,2025-04-17,19,4호선,서울역,고급형선불카드,일반,7일권,0,2
688,2025-04-17,21,2호선,홍대입구,고급형선불카드,일반,7일권,3,0
689,2025-04-17,22,2호선,을지로4가,고급형선불카드,일반,7일권,0,3
690,2025-04-18,10,2호선,홍대입구,고급형선불카드,일반,7일권,0,0
691,2025-04-18,11,2호선,홍대입구,고급형선불카드,일반,7일권,0,2
692,2025-04-18,14,3호선,안국,고급형선불카드,일반,7일권,0,0
693,2025-04-18,15,3호선,안국,고급형선불카드,일반,7일권,0,2
694,2025-04-18,17,3호선,안국,고급형선불카드,일반,7일권,2,0
695,2025-04-18,17,4호선,서울역,고급형선불카드,일반,7일권,0,2
696,2025-04-19,10,1호선,서울역,고급형선불카드,일반,7일권,0,0
697,2025-04-19,12,1호선,서울역,고급형선불카드,일반,7일권,2,2
698,2025-04-19,12,4호선,이촌(국립중앙박물관),고급형선불카드,일반,7일권,0,2
699,2025-04-19,17,4호선,이촌(국립중앙박물관),고급형선불카드,일반,7일권,2,0
700,2025-04-19,18,4호선,서울역,고급형선불카드,일반,7일권,0,2
701,2025-04-20,10,4호선,충무로,고급형선불카드,일반,7일권,0,0
702,2025-04-20,12,4호선,충무로,고급형선불카드,일반,7일권,0,2
703,2025-04-20,20,2호선,을지로입구,고급형선불카드,일반,7일권,2,0
704,2025-04-21,00,2호선,동대문역사문화공원(DDP),고급형선불카드,일반,3일권,0,2
705,2025-04-21,10,4호선,길음,고급형선불카드,일반,5일권,0,1
706,2025-04-21,10,4호선,서울역,고급형선불카드,일반,5일권,2,0
707,2025-04-21,11,1호선,서울역,고급형선불카드,일반,3일권,2,0
708,2025-04-21,13,4호선,길음,고급형선불카드,일반,5일권,2,0
709,2025-04-21,13,4호선,숙대입구(갈월),고급형선불카드,일반,3일권,0,0
710,2025-04-21,14,1호선,종각,고급형선불카드,일반,5일권,0,2
711,2025-04-21,14,2호선,을지로입구,고급형선불카드,일반,3일권,1,1
712,2025-04-21,14,2호선,동대문역사문화공원(DDP),고급형선불카드,일반,3일권,1,1
713,2025-04-21,14,4호선,동대문역사문화공원(DDP),고급형선불카드,일반,3일권,0,1
714,2025-04-21,14,4호선,숙대입구(갈월),고급형선불카드,일반,3일권,4,4
715,2025-04-21,15,2호선,동대문역사문화공원(DDP),고급형선불카드,일반,3일권,0,1
716,2025-04-21,15,4호선,동대문역사문화공원(DDP),고급형선불카드,일반,3일권,2,0
717,2025-04-21,18,2호선,을지로입구,고급형선불카드,일반,7일권,2,0
718,2025-04-21,19,2호선,을지로입구,고급형선불카드,일반,7일권,0,0
719,2025-04-21,20,2호선,홍대입구,고급형선불카드,일반,5일권,2,0
720,2025-04-21,20,3호선,경복궁(정부서울청사),고급형선불카드,일반,5일권,2,4
721,2025-04-21,22,2호선,동대문역사문화공원(DDP),고급형선불카드,일반,3일권,0,0
722,2025-04-22,08,2호선,동대문역사문화공원(DDP),고급형선불카드,일반,3일권,2,0
723,2025-04-22,09,2호선,동대문역사문화공원(DDP),고급형선불카드,일반,3일권,0,0
724,2025-04-22,09,4호선,명동,고급형선불카드,일반,3일권,0,2
725,2025-04-22,09,4호선,명동,고급형선불카드,일반,7일권,2,0
726,2025-04-22,10,1호선,서울역,고급형선불카드,일반,3일권,0,0
727,2025-04-22,10,2호선,삼성(무역센터),고급형선불카드,일반,7일권,0,2
728,2025-04-22,10,3호선,안국,고급형선불카드,일반,5일권,2,0
729,2025-04-22,11,1호선,서울역,고급형선불카드,일반,3일권,0,2
730,2025-04-22,11,2호선,동대문역사문화공원(DDP),고급형선불카드,일반,3일권,2,0
731,2025-04-22,11,4호선,동대문역사문화공원(DDP),고급형선불카드,일반,3일권,0,2
732,2025-04-22,11,4호선,명동,고급형선불카드,일반,3일권,2,0
733,2025-04-22,12,3호선,안국,고급형선불카드,일반,5일권,0,0
734,2025-04-22,13,2호선,동대문역사문화공원(DDP),고급형선불카드,일반,3일권,0,2
735,2025-04-22,14,2호선,삼성(무역센터),고급형선불카드,일반,5일권,2,0
736,2025-04-22,14,2호선,강남,고급형선불카드,일반,5일권,0,2
737,2025-04-22,14,5호선,종로3가,고급형선불카드,일반,7일권,0,0
738,2025-04-22,15,2호선,강남,고급형선불카드,일반,5일권,2,0
739,2025-04-22,15,3호선,고속터미널,고급형선불카드,일반,5일권,0,2
740,2025-04-22,15,5호선,종로3가,고급형선불카드,일반,7일권,0,2
741,2025-04-22,17,2호선,동대문역사문화공원(DDP),고급형선불카드,일반,3일권,2,0
742,2025-04-22,17,2호선,강변(동서울터미널),고급형선불카드,일반,3일권,1,3
743,2025-04-22,17,3호선,안국,고급형선불카드,일반,5일권,0,2
744,2025-04-22,17,3호선,고속터미널,고급형선불카드,일반,5일권,2,0
745,2025-04-22,18,1호선,종각,고급형선불카드,일반,7일권,2,0
746,2025-04-22,19,4호선,명동,고급형선불카드,일반,7일권,0,2
747,2025-04-22,22,5호선,광나루(장신대),고급형선불카드,일반,3일권,2,0
748,2025-04-22,23,4호선,동대문역사문화공원(DDP),고급형선불카드,일반,3일권,0,2
749,2025-04-23,09,4호선,동대문역사문화공원(DDP),고급형선불카드,일반,3일권,2,0
750,2025-04-23,10,1호선,서울역,고급형선불카드,일반,3일권,0,0
751,2025-04-23,10,4호선,서울역,고급형선불카드,일반,3일권,2,2
752,2025-04-23,11,1호선,서울역,고급형선불카드,일반,3일권,0,2
753,2025-04-23,12,2호선,을지로입구,고급형선불카드,일반,5일권,0,2
754,2025-04-23,12,3호선,동대입구,고급형선불카드,일반,5일권,2,0
755,2025-04-24,09,5호선,동대문역사문화공원(DDP),고급형선불카드,일반,7일권,2,0
756,2025-04-24,10,5호선,광화문(세종문화회관),고급형선불카드,일반,7일권,0,2
757,2025-04-24,12,1호선,서울역,고급형선불카드,일반,3일권,1,0
758,2025-04-24,13,1호선,서울역,고급형선불카드,일반,7일권,2,0
759,2025-04-24,13,1호선,종각,고급형선불카드,일반,3일권,0,1
760,2025-04-24,13,1호선,동묘앞,고급형선불카드,일반,7일권,0,2
761,2025-04-24,13,6호선,동묘앞,고급형선불카드,일반,7일권,2,2
762,2025-04-24,14,1호선,동묘앞,고급형선불카드,일반,7일권,2,0
763,2025-04-24,15,3호선,양재(서초구청),고급형선불카드,일반,7일권,0,2
764,2025-04-24,16,1호선,서울역,고급형선불카드,일반,5일권,1,0
765,2025-04-24,17,1호선,서울역,고급형선불카드,일반,5일권,0,0
766,2025-04-24,17,2호선,강남,고급형선불카드,일반,5일권,0,1
767,2025-04-24,18,2호선,강남,고급형선불카드,일반,5일권,1,0
768,2025-04-24,18,4호선,명동,고급형선불카드,일반,3일권,1,0
769,2025-04-24,19,1호선,종로3가,고급형선불카드,일반,5일권,0,1
770,2025-04-24,19,2호선,강남,고급형선불카드,일반,7일권,2,0
771,2025-04-24,19,3호선,압구정,고급형선불카드,일반,7일권,0,2
772,2025-04-24,19,4호선,명동,고급형선불카드,일반,3일권,0,0
773,2025-04-24,20,3호선,고속터미널,고급형선불카드,일반,3일권,1,0
774,2025-04-24,23,4호선,명동,고급형선불카드,일반,7일권,2,0
775,2025-04-24,23,5호선,동대문역사문화공원(DDP),고급형선불카드,일반,7일권,0,2
776,2025-04-25,10,5호선,동대문역사문화공원(DDP),고급형선불카드,일반,7일권,2,0
777,2025-04-25,11,5호선,동대문역사문화공원(DDP),고급형선불카드,일반,7일권,0,0
778,2025-04-25,12,2호선,강남,고급형선불카드,일반,7일권,0,2
779,2025-04-25,12,3호선,동대입구,고급형선불카드,일반,5일권,2,0
780,2025-04-25,12,3호선,신사,고급형선불카드,일반,7일권,2,0
781,2025-04-25,13,1호선,서울역,고급형선불카드,일반,5일권,2,0
782,2025-04-25,13,3호선,을지로3가,고급형선불카드,일반,5일권,0,2
783,2025-04-25,14,4호선,충무로,고급형선불카드,일반,5일권,0,2
784,2025-04-25,15,2호선,강남,고급형선불카드,일반,7일권,2,0
785,2025-04-25,15,5호선,동대문역사문화공원(DDP),고급형선불카드,일반,7일권,0,0
786,2025-04-25,16,3호선,압구정,고급형선불카드,일반,7일권,0,2
787,2025-04-25,16,5호선,동대문역사문화공원(DDP),고급형선불카드,일반,7일권,0,2
788,2025-04-25,19,1호선,종로3가,고급형선불카드,일반,5일권,1,0
789,2025-04-25,19,2호선,강남,고급형선불카드,일반,5일권,0,1
790,2025-04-25,20,1호선,종각,고급형선불카드,일반,5일권,2,0
791,2025-04-25,21,1호선,종각,고급형선불카드,일반,5일권,0,2
792,2025-04-25,21,1호선,종로3가,고급형선불카드,일반,5일권,0,1
793,2025-04-25,21,2호선,강남,고급형선불카드,일반,5일권,1,0
794,2025-04-25,22,1호선,종각,고급형선불카드,일반,5일권,1,1
795,2025-04-26,12,5호선,광화문(세종문화회관),고급형선불카드,일반,7일권,2,0
796,2025-04-26,12,5호선,종로3가,고급형선불카드,일반,7일권,0,2
797,2025-04-26,13,2호선,을지로4가,고급형선불카드,일반,7일권,0,2
798,2025-04-26,13,3호선,압구정,고급형선불카드,일반,7일권,2,0
799,2025-04-26,15,1호선,종로5가,고급형선불카드,일반,5일권,1,0
800,2025-04-26,15,4호선,동대문,고급형선불카드,일반,7일권,2,0
801,2025-04-26,15,5호선,종로3가,고급형선불카드,일반,7일권,2,0
802,2025-04-26,15,5호선,동대문역사문화공원(DDP),고급형선불카드,일반,7일권,0,2
803,2025-04-26,16,2호선,강남,고급형선불카드,일반,5일권,0,1
804,2025-04-26,16,3호선,압구정,고급형선불카드,일반,7일권,0,2
805,2025-04-26,17,4호선,동대문역사문화공원(DDP),고급형선불카드,일반,3일권,0,1
806,2025-04-26,17,5호선,종로3가,고급형선불카드,일반,3일권,1,0
807,2025-04-26,18,4호선,명동,고급형선불카드,일반,7일권,0,2
808,2025-04-26,18,5호선,동대문역사문화공원(DDP),고급형선불카드,일반,7일권,2,0
809,2025-04-26,19,2호선,삼성(무역센터),고급형선불카드,일반,5일권,1,0
810,2025-04-26,20,1호선,종로3가,고급형선불카드,일반,5일권,0,1
811,2025-04-26,20,3호선,종로3가,고급형선불카드,일반,7일권,0,2
812,2025-04-26,20,4호선,동대문역사문화공원(DDP),고급형선불카드,일반,3일권,1,0
813,2025-04-26,20,4호선,명동,고급형선불카드,일반,3일권,0,1
814,2025-04-26,20,4호선,명동,고급형선불카드,일반,7일권,2,0
815,2025-04-26,21,1호선,종로3가,고급형선불카드,일반,7일권,1,0
816,2025-04-26,21,2호선,을지로입구,고급형선불카드,일반,3일권,1,0
817,2025-04-26,21,5호선,동대문역사문화공원(DDP),고급형선불카드,일반,7일권,0,1
818,2025-04-26,22,2호선,을지로3가,고급형선불카드,일반,3일권,0,1
819,2025-04-27,12,2호선,강남,고급형선불카드,일반,5일권,0,0
820,2025-04-27,13,2호선,강남,고급형선불카드,일반,5일권,0,1
821,2025-04-27,13,3호선,안국,고급형선불카드,일반,3일권,1,0
822,2025-04-27,13,4호선,회현(남대문시장),고급형선불카드,일반,7일권,0,2
823,2025-04-27,13,5호선,을지로4가,고급형선불카드,일반,3일권,0,1
824,2025-04-27,13,5호선,동대문역사문화공원(DDP),고급형선불카드,일반,3일권,1,0
825,2025-04-27,13,5호선,동대문역사문화공원(DDP),고급형선불카드,일반,7일권,2,0
826,2025-04-27,14,2호선,삼성(무역센터),고급형선불카드,일반,5일권,0,1
827,2025-04-27,14,2호선,강남,고급형선불카드,일반,5일권,1,0
828,2025-04-27,15,4호선,충무로,고급형선불카드,일반,5일권,2,0
829,2025-04-27,15,4호선,명동,고급형선불카드,일반,7일권,0,2
830,2025-04-27,15,4호선,회현(남대문시장),고급형선불카드,일반,7일권,2,0
831,2025-04-27,15,4호선,삼각지(전쟁기념관),고급형선불카드,일반,5일권,0,2
832,2025-04-27,16,2호선,삼성(무역센터),고급형선불카드,일반,5일권,1,0
833,2025-04-27,16,4호선,서울역,고급형선불카드,일반,5일권,0,1
834,2025-04-27,18,4호선,충무로,고급형선불카드,일반,5일권,0,2
835,2025-04-27,18,6호선,삼각지(전쟁기념관),고급형선불카드,일반,5일권,2,0
836,2025-04-27,19,2호선,강남,고급형선불카드,일반,7일권,1,0
837,2025-04-27,20,2호선,을지로3가,고급형선불카드,일반,5일권,2,0
838,2025-04-27,20,3호선,압구정,고급형선불카드,일반,7일권,0,1
839,2025-04-27,21,2호선,을지로4가,고급형선불카드,일반,5일권,2,2
840,2025-04-27,21,2호선,홍대입구,고급형선불카드,일반,5일권,0,2
841,2025-04-27,22,4호선,명동,고급형선불카드,일반,7일권,2,0
842,2025-04-27,22,5호선,동대문역사문화공원(DDP),고급형선불카드,일반,7일권,0,2
843,2025-04-28,09,1호선,서울역,고급형선불카드,일반,2일권,8,0
844,2025-04-28,09,1호선,서울역,고급형선불카드,일반,,0,0
845,2025-04-28,10,1호선,서울역,고급형선불카드,일반,2일권,0,0
846,2025-04-28,10,1호선,서울역,고급형선불카드,일반,,0,0
847,2025-04-28,10,2호선,강남,고급형선불카드,일반,7일권,2,0
848,2025-04-28,11,2호선,선릉,고급형선불카드,일반,7일권,0,2
849,2025-04-28,13,2호선,선릉,고급형선불카드,일반,7일권,2,0
850,2025-04-28,13,2호선,강남,고급형선불카드,일반,7일권,0,2
851,2025-04-28,14,3호선,경복궁(정부서울청사),고급형선불카드,일반,5일권,0,2
852,2025-04-28,14,4호선,충무로,고급형선불카드,일반,5일권,2,0
853,2025-04-28,15,2호선,강남,고급형선불카드,일반,5일권,0,0
854,2025-04-28,16,2호선,강남,고급형선불카드,일반,5일권,0,1
855,2025-04-28,17,2호선,강남,고급형선불카드,일반,5일권,1,0
856,2025-04-28,18,1호선,종로3가,고급형선불카드,일반,5일권,0,1
857,2025-04-28,21,1호선,서울역,고급형선불카드,일반,5일권,0,1
858,2025-04-28,21,1호선,시청,고급형선불카드,일반,5일권,1,0
859,2025-04-28,23,4호선,충무로,고급형선불카드,일반,5일권,0,2
860,2025-04-28,23,6호선,이태원,고급형선불카드,일반,5일권,2,0
861,2025-04-29,11,3호선,압구정,고급형선불카드,일반,7일권,2,0
862,2025-04-29,11,4호선,충무로,고급형선불카드,일반,5일권,2,0
863,2025-04-29,12,3호선,안국,고급형선불카드,일반,7일권,0,2
864,2025-04-29,14,3호선,경복궁(정부서울청사),고급형선불카드,일반,7일권,2,0
865,2025-04-29,14,3호선,안국,고급형선불카드,일반,7일권,0,2
866,2025-04-29,15,2호선,당산,고급형선불카드,일반,3일권,3,0
867,2025-04-29,15,3호선,안국,고급형선불카드,일반,7일권,2,0
868,2025-04-29,15,3호선,종로3가,고급형선불카드,일반,3일권,0,1
869,2025-04-29,15,3호선,동대입구,고급형선불카드,일반,7일권,0,2
870,2025-04-29,15,4호선,충무로,고급형선불카드,일반,3일권,1,0
871,2025-04-29,16,2호선,당산,고급형선불카드,일반,3일권,0,0
872,2025-04-29,17,6호선,한강진,고급형선불카드,일반,7일권,2,0
873,2025-04-29,18,3호선,신사,고급형선불카드,일반,7일권,0,2
874,2025-04-29,20,2호선,강남,고급형선불카드,일반,3일권,0,1
875,2025-04-29,20,3호선,안국,고급형선불카드,일반,3일권,1,0
876,2025-04-29,21,2호선,역삼,고급형선불카드,일반,3일권,1,0
877,2025-04-29,21,2호선,교대(법원.검찰청),고급형선불카드,일반,3일권,0,1
878,2025-04-29,22,3호선,교대(법원.검찰청),고급형선불카드,일반,3일권,1,0
879,2025-04-29,23,3호선,안국,고급형선불카드,일반,3일권,0,1
880,2025-04-30,12,1호선,서울역,고급형선불카드,일반,7일권,1,0
881,2025-04-30,12,2호선,사당,고급형선불카드,일반,7일권,1,1
882,2025-04-30,13,2호선,역삼,고급형선불카드,일반,7일권,0,1
883,2025-04-30,14,3호선,경복궁(정부서울청사),고급형선불카드,일반,3일권,1,0
884,2025-04-30,15,3호선,독립문,고급형선불카드,일반,3일권,1,1
885,2025-04-30,16,6호선,마포구청,고급형선불카드,일반,3일권,0,1
886,2025-04-30,17,6호선,합정,고급형선불카드,일반,3일권,1,0
887,2025-04-30,18,3호선,안국,고급형선불카드,일반,3일권,0,1
888,2025-04-30,18,3호선,을지로3가,고급형선불카드,일반,3일권,1,1
889,2025-04-30,19,2호선,성수,고급형선불카드,일반,7일권,1,1
890,2025-04-30,19,2호선,삼성(무역센터),고급형선불카드,일반,7일권,1,0
891,2025-04-30,20,4호선,명동,고급형선불카드,일반,7일권,0,1
892,2025-05-01,10,2호선,건대입구,고급형선불카드,일반,3일권,0,1
893,2025-05-01,10,3호선,안국,고급형선불카드,일반,3일권,1,0
894,2025-05-01,11,2호선,구의(광진구청),고급형선불카드,일반,3일권,1,1
895,2025-05-01,11,7호선,자양(뚝섬한강공원),고급형선불카드,일반,3일권,1,0
896,2025-05-01,12,5호선,종로3가,고급형선불카드,일반,3일권,0,1
897,2025-05-01,13,3호선,경복궁(정부서울청사),고급형선불카드,일반,7일권,0,1
898,2025-05-01,13,4호선,명동,고급형선불카드,일반,7일권,1,0
899,2025-05-01,20,1호선,종각,고급형선불카드,일반,3일권,1,0
900,2025-05-01,21,1호선,종각,고급형선불카드,일반,3일권,0,0
901,2025-05-02,09,4호선,명동,고급형선불카드,일반,7일권,1,0
902,2025-05-02,10,4호선,명동,고급형선불카드,일반,7일권,0,0
903,2025-05-02,11,2호선,잠실(송파구청),고급형선불카드,일반,7일권,0,0
904,2025-05-02,12,2호선,잠실(송파구청),고급형선불카드,일반,7일권,0,1
905,2025-05-02,14,2호선,잠실(송파구청),고급형선불카드,일반,7일권,1,0
906,2025-05-02,15,4호선,이촌(국립중앙박물관),고급형선불카드,일반,7일권,0,1
907,2025-05-02,20,1호선,서울역,고급형선불카드,일반,7일권,1,1
908,2025-05-02,21,4호선,명동,고급형선불카드,일반,7일권,1,1
909,2025-05-02,22,5호선,동대문역사문화공원(DDP),고급형선불카드,일반,7일권,0,1
910,2025-05-04,11,4호선,충무로,고급형선불카드,일반,7일권,1,0
911,2025-05-04,12,3호선,구파발,고급형선불카드,일반,7일권,0,1
912,2025-05-06,00,4호선,서울역,고급형선불카드,일반,7일권,0,1
913,2025-05-06,09,4호선,명동,고급형선불카드,일반,7일권,0,1
914,2025-05-06,09,5호선,종로3가,고급형선불카드,일반,7일권,1,0
915,2025-05-06,23,5호선,종로3가,고급형선불카드,일반,7일권,1,0
916,2025-05-15,09,3호선,경복궁(정부서울청사),고급형선불카드,일반,7일권,0,2
917,2025-05-15,09,4호선,서울역,고급형선불카드,일반,7일권,2,0
918,2025-05-16,07,2호선,시청,고급형선불카드,일반,7일권,2,0
919,2025-05-16,08,2호선,잠실(송파구청),고급형선불카드,일반,7일권,0,2
920,2025-05-17,16,1호선,시청,고급형선불카드,일반,7일권,2,0
921,2025-05-17,17,4호선,이촌(국립중앙박물관),고급형선불카드,일반,7일권,0,2
922,2025-05-17,19,4호선,이촌(국립중앙박물관),고급형선불카드,일반,7일권,2,0
923,2025-05-17,20,1호선,시청,고급형선불카드,일반,7일권,0,2
924,2025-05-18,09,2호선,시청,고급형선불카드,일반,7일권,2,0
925,2025-05-18,10,3호선,홍제,고급형선불카드,일반,7일권,0,2
926,2025-05-18,13,2호선,시청,고급형선불카드,일반,7일권,0,2
927,2025-05-18,13,2호선,이대,고급형선불카드,일반,7일권,2,0
928,2025-05-19,10,2호선,시청,고급형선불카드,일반,7일권,2,0
929,2025-05-19,11,2호선,을지로4가,고급형선불카드,일반,7일권,0,2
930,2025-05-19,11,2호선,성수,고급형선불카드,일반,7일권,2,2
931,2025-05-19,13,3호선,종로3가,고급형선불카드,일반,7일권,2,0
932,2025-05-19,13,3호선,신사,고급형선불카드,일반,7일권,0,2
933,2025-05-19,14,3호선,신사,고급형선불카드,일반,7일권,2,0
934,2025-05-19,15,1호선,시청,고급형선불카드,일반,7일권,0,2
935,2025-05-19,17,1호선,시청,고급형선불카드,일반,7일권,2,0
936,2025-05-19,18,4호선,동대문,고급형선불카드,일반,7일권,0,2
937,2025-05-19,21,4호선,혜화,고급형선불카드,일반,7일권,2,0
938,2025-05-19,21,4호선,명동,고급형선불카드,일반,7일권,0,2
939,2025-05-20,13,4호선,충무로,고급형선불카드,일반,7일권,2,0
940,2025-05-20,13,4호선,명동,고급형선불카드,일반,7일권,0,2
941,2025-05-21,17,2호선,동대문역사문화공원(DDP),고급형선불카드,일반,5일권,0,1
942,2025-05-21,17,4호선,서울역,고급형선불카드,일반,5일권,1,0
943,2025-05-22,13,1호선,서울역,고급형선불카드,일반,5일권,0,1
944,2025-05-22,13,1호선,시청,고급형선불카드,일반,5일권,1,1
945,2025-05-22,13,3호선,종로3가,고급형선불카드,일반,5일권,1,0
946,2025-05-22,17,1호선,서울역,고급형선불카드,일반,3일권,2,0
947,2025-05-22,17,1호선,서울역,고급형선불카드,일반,5일권,1,0
948,2025-05-22,17,1호선,시청,고급형선불카드,일반,3일권,2,2
949,2025-05-22,18,1호선,서울역,고급형선불카드,일반,5일권,0,0
950,2025-05-22,18,1호선,시청,고급형선불카드,일반,3일권,0,0
951,2025-05-22,20,6호선,녹사평(용산구청),고급형선불카드,일반,3일권,2,0
952,2025-05-22,21,4호선,동대문역사문화공원(DDP),고급형선불카드,일반,3일권,0,2
953,2025-05-23,07,1호선,서울역,고급형선불카드,일반,5일권,0,0
954,2025-05-23,08,1호선,서울역,고급형선불카드,일반,5일권,0,1
955,2025-05-23,13,2호선,동대문역사문화공원(DDP),고급형선불카드,일반,3일권,2,0
956,2025-05-23,13,2호선,잠실(송파구청),고급형선불카드,일반,3일권,0,2
957,2025-05-23,17,1호선,서울역,고급형선불카드,일반,5일권,1,0
958,2025-05-23,17,2호선,삼성(무역센터),고급형선불카드,일반,3일권,2,0
959,2025-05-23,17,2호선,강남,고급형선불카드,일반,3일권,0,2
960,2025-05-24,10,5호선,미사,고급형선불카드,일반,5일권,0,0
961,2025-05-24,12,5호선,미사,고급형선불카드,일반,5일권,0,1
962,2025-05-24,13,4호선,동대문역사문화공원(DDP),고급형선불카드,일반,3일권,2,0
963,2025-05-24,13,5호선,미사,고급형선불카드,일반,5일권,1,0
964,2025-05-24,14,2호선,용두(동대문구청),고급형선불카드,일반,5일권,0,1
965,2025-05-24,14,5호선,광화문(세종문화회관),고급형선불카드,일반,3일권,0,2
966,2025-05-24,17,2호선,신설동,고급형선불카드,일반,5일권,1,0
967,2025-05-24,17,3호선,을지로3가,고급형선불카드,일반,5일권,0,1
968,2025-05-24,20,2호선,을지로3가,고급형선불카드,일반,3일권,2,0
969,2025-05-24,20,2호선,을지로3가,고급형선불카드,일반,5일권,1,0
970,2025-05-24,20,2호선,동대문역사문화공원(DDP),고급형선불카드,일반,3일권,0,2
971,2025-05-24,21,2호선,을지로3가,고급형선불카드,일반,5일권,0,0
972,2025-05-28,10,4호선,서울역,고급형선불카드,일반,5일권,1,0
973,2025-05-28,11,4호선,서울역,고급형선불카드,일반,5일권,0,0
974,2025-05-28,14,1호선,시청,고급형선불카드,일반,5일권,0,0
975,2025-05-28,15,1호선,시청,고급형선불카드,일반,5일권,0,2
976,2025-05-28,19,2호선,을지로4가,고급형선불카드,일반,5일권,2,0
977,2025-05-28,20,2호선,시청,고급형선불카드,일반,5일권,0,2
978,2025-05-29,18,2호선,시청,고급형선불카드,일반,5일권,2,0
979,2025-05-29,18,2호선,을지로4가,고급형선불카드,일반,5일권,0,2
980,2025-05-29,21,2호선,시청,고급형선불카드,일반,5일권,0,2
981,2025-05-29,21,2호선,동대문역사문화공원(DDP),고급형선불카드,일반,5일권,2,0
982,2025-05-30,14,2호선,시청,고급형선불카드,일반,5일권,2,0
983,2025-05-30,14,2호선,을지로3가,고급형선불카드,일반,5일권,2,2
984,2025-05-30,14,3호선,경복궁(정부서울청사),고급형선불카드,일반,5일권,0,2
985,2025-05-30,15,3호선,안국,고급형선불카드,일반,2일권,0,2
986,2025-05-30,15,4호선,서울역,고급형선불카드,일반,2일권,2,0
987,2025-05-30,19,1호선,종각,고급형선불카드,일반,2일권,2,0
988,2025-05-30,20,2호선,홍대입구,고급형선불카드,일반,2일권,0,2
989,2025-05-30,21,2호선,시청,고급형선불카드,일반,2일권,0,2
990,2025-05-30,21,2호선,홍대입구,고급형선불카드,일반,2일권,2,0
991,2025-05-30,22,3호선,경복궁(정부서울청사),고급형선불카드,일반,5일권,2,0
992,2025-05-30,23,2호선,시청,고급형선불카드,일반,5일권,0,2
993,2025-05-31,10,1호선,시청,고급형선불카드,일반,5일권,2,0
994,2025-05-31,10,3호선,종로3가,고급형선불카드,일반,5일권,2,2
995,2025-05-31,11,3호선,종로3가,고급형선불카드,일반,5일권,0,2
996,2025-05-31,13,4호선,동대문역사문화공원(DDP),고급형선불카드,일반,2일권,0,1
997,2025-05-31,13,4호선,회현(남대문시장),고급형선불카드,일반,2일권,1,0
998,2025-05-31,14,2호선,동대문역사문화공원(DDP),고급형선불카드,일반,2일권,1,0
999,2025-05-31,15,2호선,동대문역사문화공원(DDP),고급형선불카드,일반,2일권,0,0
1000,2025-05-31,15,3호선,안국,고급형선불카드,일반,5일권,2,0
1001,2025-05-31,15,4호선,명동,고급형선불카드,일반,5일권,0,2
1002,2025-05-31,21,2호선,삼성(무역센터),고급형선불카드,일반,2일권,2,0
1003,2025-05-31,22,4호선,회현(남대문시장),고급형선불카드,일반,2일권,0,2
1004,2025-06-02,12,1호선,서울역,고급형선불카드,일반,3일권,1,0
1005,2025-06-02,13,5호선,영등포시장,고급형선불카드,일반,3일권,1,1
1006,2025-06-02,14,2호선,을지로입구,고급형선불카드,일반,3일권,0,1
1007,2025-06-02,15,2호선,을지로입구,고급형선불카드,일반,3일권,2,1
1008,2025-06-02,15,3호선,경복궁(정부서울청사),고급형선불카드,일반,3일권,0,1
1009,2025-06-02,17,3호선,경복궁(정부서울청사),고급형선불카드,일반,3일권,1,0
1010,2025-06-02,17,4호선,명동,고급형선불카드,일반,3일권,0,1
1011,2025-06-02,18,4호선,동대문,고급형선불카드,일반,3일권,0,1
1012,2025-06-02,18,4호선,명동,고급형선불카드,일반,3일권,1,0
1013,2025-06-02,20,1호선,동대문,고급형선불카드,일반,3일권,1,0
1014,2025-06-02,21,5호선,영등포시장,고급형선불카드,일반,3일권,0,1
1015,2025-06-03,11,2호선,홍대입구,고급형선불카드,일반,3일권,1,0
1016,2025-06-03,12,2호선,홍대입구,고급형선불카드,일반,3일권,0,0
1017,2025-06-03,14,5호선,영등포시장,고급형선불카드,일반,3일권,1,0
1018,2025-06-03,15,3호선,경복궁(정부서울청사),고급형선불카드,일반,3일권,0,1
1019,2025-06-03,17,3호선,안국,고급형선불카드,일반,3일권,1,0
1020,2025-06-03,18,4호선,명동,고급형선불카드,일반,3일권,0,0
1021,2025-06-03,19,4호선,명동,고급형선불카드,일반,3일권,0,1
1022,2025-06-03,20,4호선,명동,고급형선불카드,일반,3일권,1,0
1023,2025-06-03,21,5호선,영등포시장,고급형선불카드,일반,3일권,0,1
1024,2025-06-04,09,5호선,영등포시장,고급형선불카드,일반,3일권,1,0
1025,2025-06-04,10,4호선,회현(남대문시장),고급형선불카드,일반,3일권,0,1
1026,2025-06-04,16,4호선,사당,고급형선불카드,일반,5일권,1,0
1027,2025-06-04,22,2호선,동대문역사문화공원(DDP),고급형선불카드,일반,5일권,1,0
1028,2025-06-04,22,7호선,이수,고급형선불카드,일반,5일권,0,1
1029,2025-06-05,08,4호선,명동,고급형선불카드,일반,3일권,2,1
1030,2025-06-05,14,3호선,경복궁(정부서울청사),고급형선불카드,일반,3일권,1,0
1031,2025-06-05,15,2호선,동대문역사문화공원(DDP),고급형선불카드,일반,3일권,0,1
1032,2025-06-05,16,2호선,동대문역사문화공원(DDP),고급형선불카드,일반,3일권,1,0
1033,2025-06-05,16,2호선,홍대입구,고급형선불카드,일반,3일권,0,1
1034,2025-06-05,19,2호선,홍대입구,고급형선불카드,일반,3일권,1,0
1035,2025-06-05,20,2호선,을지로입구,고급형선불카드,일반,3일권,0,1
1036,2025-06-05,22,4호선,동대문역사문화공원(DDP),고급형선불카드,일반,5일권,1,0
1037,2025-06-05,23,7호선,이수,고급형선불카드,일반,5일권,0,1
1038,2025-06-06,12,2호선,을지로입구,고급형선불카드,일반,3일권,1,0
1039,2025-06-06,13,2호선,삼성(무역센터),고급형선불카드,일반,3일권,0,1
1040,2025-06-06,15,2호선,을지로입구,고급형선불카드,일반,3일권,0,0
1041,2025-06-06,16,2호선,을지로입구,고급형선불카드,일반,3일권,0,1
1042,2025-06-06,17,4호선,이촌(국립중앙박물관),고급형선불카드,일반,5일권,0,1
1043,2025-06-06,17,7호선,이수,고급형선불카드,일반,5일권,1,0
1044,2025-06-06,18,4호선,삼각지(전쟁기념관),고급형선불카드,일반,5일권,0,1
1045,2025-06-06,18,4호선,이촌(국립중앙박물관),고급형선불카드,일반,5일권,1,0
1046,2025-06-06,23,2호선,사당,고급형선불카드,일반,5일권,0,1
1047,2025-06-20,10,1호선,서울역,고급형선불카드,일반,5일권,2,0
1048,2025-06-20,13,1호선,종각,고급형선불카드,일반,5일권,0,1
1049,2025-06-20,14,1호선,종각,고급형선불카드,일반,5일권,2,0
1050,2025-06-21,06,1호선,시청,고급형선불카드,일반,5일권,0,2
1051,2025-06-21,06,1호선,종각,고급형선불카드,일반,5일권,2,0
1052,2025-06-21,15,1호선,시청,고급형선불카드,일반,5일권,2,0
1053,2025-06-21,15,1호선,종각,고급형선불카드,일반,5일권,0,2
1054,2025-06-22,07,1호선,종각,고급형선불카드,일반,5일권,2,0
1055,2025-06-22,08,4호선,명동,고급형선불카드,일반,5일권,0,2
1056,2025-06-23,10,3호선,안국,고급형선불카드,일반,5일권,2,0
1057,2025-06-23,11,2호선,삼성(무역센터),고급형선불카드,일반,5일권,2,0
1058,2025-06-23,12,2호선,잠실(송파구청),고급형선불카드,일반,5일권,0,2
1059,2025-06-23,14,2호선,잠실(송파구청),고급형선불카드,일반,5일권,2,0
1060,2025-06-23,15,1호선,종각,고급형선불카드,일반,5일권,0,2
1061,2025-06-23,17,4호선,동대문역사문화공원(DDP),고급형선불카드,일반,5일권,0,2
1062,2025-06-23,17,4호선,서울역,고급형선불카드,일반,5일권,1,0
1063,2025-06-23,17,5호선,광화문(세종문화회관),고급형선불카드,일반,5일권,2,0
1064,2025-06-23,18,4호선,동대문역사문화공원(DDP),고급형선불카드,일반,5일권,2,0
1065,2025-06-23,18,4호선,명동,고급형선불카드,일반,5일권,0,2
1066,2025-06-23,18,6호선,망원,고급형선불카드,일반,5일권,0,1
1067,2025-06-23,20,4호선,명동,고급형선불카드,일반,5일권,2,0
1068,2025-06-23,20,4호선,서울역,고급형선불카드,일반,5일권,0,2
1069,2025-06-23,21,1호선,서울역,고급형선불카드,일반,5일권,2,0
1070,2025-06-23,21,1호선,종각,고급형선불카드,일반,5일권,0,2
1071,2025-06-24,09,2호선,시청,고급형선불카드,일반,5일권,0,1
1072,2025-06-24,09,2호선,이대,고급형선불카드,일반,5일권,1,0
1073,2025-06-24,15,4호선,서울역,고급형선불카드,일반,5일권,1,0
1074,2025-06-24,16,2호선,홍대입구,고급형선불카드,일반,5일권,0,1
1075,2025-06-24,17,2호선,서울대입구(관악구청),고급형선불카드,일반,5일권,0,1
1076,2025-06-24,17,2호선,홍대입구,고급형선불카드,일반,5일권,1,0
1077,2025-06-24,18,2호선,동대문역사문화공원(DDP),고급형선불카드,일반,5일권,1,0
1078,2025-06-24,18,2호선,신촌,고급형선불카드,일반,5일권,0,1
1079,2025-06-24,19,1호선,서울역,고급형선불카드,일반,1일권,2,0
1080,2025-06-25,08,2호선,서울대입구(관악구청),고급형선불카드,일반,5일권,1,0
1081,2025-06-25,10,7호선,공릉(서울과학기술대),고급형선불카드,일반,5일권,0,1
1082,2025-06-25,16,3호선,안국,고급형선불카드,일반,5일권,1,0
1083,2025-06-25,17,3호선,압구정,고급형선불카드,일반,5일권,0,1
1084,2025-06-26,12,5호선,종로3가,고급형선불카드,일반,5일권,1,0
1085,2025-06-26,13,6호선,이태원,고급형선불카드,일반,5일권,0,1
1086,2025-06-26,14,6호선,이태원,고급형선불카드,일반,5일권,1,0
1087,2025-06-26,15,4호선,명동,고급형선불카드,일반,5일권,0,1
1088,2025-06-26,18,3호선,동대입구,고급형선불카드,일반,5일권,1,0
1089,2025-06-26,18,4호선,서울역,고급형선불카드,일반,5일권,0,1
1090,2025-06-26,22,1호선,서울역,고급형선불카드,일반,5일권,1,0
1091,2025-06-26,22,1호선,종각,고급형선불카드,일반,5일권,0,1
1092,2025-06-27,15,4호선,서울역,고급형선불카드,일반,3일권,2,0
1093,2025-06-27,16,3호선,압구정,고급형선불카드,일반,3일권,0,2
1094,2025-06-27,17,3호선,종로3가,고급형선불카드,일반,3일권,0,2
1095,2025-06-27,17,3호선,압구정,고급형선불카드,일반,3일권,2,0
1096,2025-06-29,16,3호선,안국,고급형선불카드,일반,3일권,0,2
1097,2025-06-29,16,4호선,명동,고급형선불카드,일반,3일권,2,0
1098,2025-06-30,13,4호선,서울역,고급형선불카드,일반,5일권,4,0
1099,2025-06-30,14,4호선,서울역,고급형선불카드,일반,5일권,0,0
1100,2025-06-30,17,2호선,강남,고급형선불카드,일반,5일권,4,0
1101,2025-06-30,18,2호선,강남,고급형선불카드,일반,5일권,0,0
1102,2025-06-30,19,2호선,삼성(무역센터),고급형선불카드,일반,5일권,4,0
1103,2025-06-30,19,2호선,서초,고급형선불카드,일반,5일권,0,4
1104,2025-06-30,21,3호선,고속터미널,고급형선불카드,일반,5일권,4,0
1105,2025-06-30,21,4호선,충무로,고급형선불카드,일반,5일권,0,4
